Project	1
Gutenberg's	2
Botchan	3
(Master	3
Darling),	2
by	224
Kin-nosuke	4
Natsume	5
This	56
eBook	5
is	396
for	347
the	2480
use	18
of	1237
anyone	5
anywhere	3
at	297
no	139
cost	5
and	1254
with	414
almost	13
restrictions	2
whatsoever.	2
You	34
may	91
copy	11
it,	37
give	29
it	495
away	31
or	285
re-use	2
under	16
terms	21
Project	77
Gutenberg	19
License	8
included	4
this	231
online	4
www.gutenberg.org	4
Title:	1
Darling)	1
Author:	1
Translator:	1
Yasotaro	2
Morri	2
Posting	1
Date:	2
October	1
14,	1
2012	1
[EBook	1
#8868]	1
Release	1
September,	2
2005	1
First	2
Posted:	1
August	1
17,	1
2003	1
Language:	1
English	11
***	6
START	1
OF	10
THIS	5
PROJECT	4
GUTENBERG	3
EBOOK	2
BOTCHAN	4
(MASTER	4
DARLING)	4
Produced	2
David	2
Starner	2
Online	2
Distributed	2
Proofreading	2
Team	2
By	9
The	245
Late	1
Mr.	36
TRANSLATED	1
Revised	1
J.	2
R.	2
KENNEDY	1
1919	1
A	37
NOTE	1
BY	1
THE	5
TRANSLATOR	1
No	19
translation	7
can	59
expect	9
to	1427
equal,	1
much	50
less	11
excel,	1
original.	4
excellence	1
a	1175
only	75
be	335
judged	2
noting	1
how	47
far	44
has	56
succeeded	2
in	720
reproducing	1
original	9
tone,	3
colors,	1
style,	7
delicacy	1
sentiment,	1
force	10
inert	1
strength,	2
peculiar	4
expressions	2
native	5
language	4
which	116
written,	1
whatever	8
its	32
marked	3
characteristic.	1
ablest	1
do	113
more,	4
want	29
more	85
than	76
will	90
demanding	2
something	46
impossible.	1
Strictly	2
speaking,	2
way	50
one	193
derive	3
full	23
benefit	2
enjoyment	1
from	171
foreign	3
work	50
read	11
original,	2
any	95
intelligence	1
second-hand	2
never	38
gives	3
kind	32
satisfaction	1
possible	5
through	31
direct	2
touch	5
Even	10
best	12
translated	1
probably	10
wanted	15
subtle	1
vitality	1
natural	11
language,	1
defies	2
an	96
attempt,	1
however	3
elaborate,	1
transmit	1
all	166
there	136
Correctness	1
diction	1
there,	14
but	333
spontaneity	1
gone;	1
cannot	31
helped.	2
task	1
translator	5
becomes	6
doubly	2
hazardous	1
case	6
translating	1
European	7
into	60
Japanese,	1
vice	1
versa.	1
Between	2
languages	3
Japanese	13
visible	1
kinship	1
word-form,	1
significance,	1
grammatical	1
system,	2
rhetorical	1
arrangements.	1
It	92
said	99
that	459
inspiration	1
two	69
totally	2
different.	2
similarity	2
customs,	1
habits,	1
traditions,	1
national	3
sentiments	1
traits	2
makes	10
difficult.	1
novel	2
written	17
had	281
attained	1
popularity	1
might,	3
when	118
rendered	3
English,	3
lose	4
captivating	1
vividness,	1
alluring	1
interest	5
lasting	2
appeal	4
reader.	1
These	4
remarks	3
are	134
made	63
not	397
excuse	1
faulty	1
dictions	1
found	32
following	14
pages.	1
Neither	2
they	177
out	122
personal	9
modesty	1
nor	16
desire	3
add	3
undue	4
weight	1
present	6
work.	9
They	43
hope	6
whoever	3
good	36
enough	12
go	73
remember,	1
before	40
he	398
venture	1
make	71
criticisms,	1
extent	6
difficulties	1
besetting	1
him	137
his	243
attempts	1
so	190
as	366
judge	2
merit	1
translation.	2
Nothing	6
would	255
afford	1
greater	2
pain	3
unfavorable	1
comment	1
on	293
based	3
upon	32
If	111
deserving	1
merits	1
pages	2
credit	6
due	7
Any	3
fault	8
interpretation	1
version,	1
whole	13
responsibility	3
translator.	1
For	16
those	35
who	96
know	47
must	35
stated	3
"Botchan"	3
late	4
K.	2
was	732
epoch-making	1
piece	6
On	33
first	44
appearance,	1
Natsume's	1
place	20
name	16
foremost	2
new	22
literary	2
school	68
were	145
firmly	3
established.	1
He	97
many	44
other	66
novels	1
serious	9
intent,	1
heavier	1
thoughts	1
enduring	1
merits,	1
secured	1
fame.	1
Its	3
quaint	1
dash	2
vigor	1
narration	1
appealed	3
public	14
become	25
somewhat	11
tired	6
stereotyped	1
sort	7
manner	9
stories	2
come	62
handled.	1
In	39
simplest	1
understanding,	2
taken	17
episode	1
life	10
son	2
born	5
Tokyo,	11
hot-blooded,	1
simple-hearted,	1
pure	3
crystal	2
sturdy	2
towering	1
rock,	1
honest	6
straight	15
fault,	1
intolerant	1
least	13
injustice	1
volunteer	2
ever	7
ready	2
champion	1
what	93
considers	1
right	45
good.	4
Children	1
"story	1
man	35
tried	11
honest."	2
light,	6
amusing	2
and,	5
time,	19
instructive	1
story,	3
tangle	1
love	5
affairs,	4
scheme	2
blood-curdling	1
scenes	1
nothing	26
startling	3
sensational	1
plot	1
characters.	1
however,	17
regarded	5
biting	1
sarcasm	1
hypocritical	1
society	4
gang	2
instructors	2
dark	8
character	2
middle	27
backwoods	4
town	26
plays	3
prominent	1
part.	3
hero	2
story	14
victim	2
their	80
annoying	2
intrigues,	1
finally	8
comes	13
triumphant	1
smashing	1
petty	2
red	21
tapism,	1
knocking	1
down	47
sham	4
pretentions	1
actual	2
fist	1
Head	1
Instructor	1
henchman.	1
equally	3
entertaining	1
means	15
studying	2
Tokyo	24
characterised	1
quick	4
temper,	1
dashing	3
spirit,	1
generosity	1
readiness	1
resist	1
even	55
lordly	2
personage	1
if	186
convinced	3
own	44
justness,	1
kneel	1
child	1
acknowledge	1
wrong.	8
Incidently	1
touching	1
devotion	1
old	78
maid	12
servant	3
Kiyo	50
prove	4
standing	8
reproach	1
inconstant,	2
unfaithful	1
servants	1
number	5
increasing	2
these	34
days	26
Tokyo.	13
interesting	2
fact	9
Natsume,	1
quite	31
young,	2
held	11
position	8
teacher	66
somewhere	6
about	160
same	41
part	22
country	18
described	2
while	30
himself	13
brought	18
up	113
added	6
autobiographical	1
style.	1
profusely	1
interladed	1
spicy,	1
catchy	2
colloquials	1
patent	1
people	17
equals	1
we	111
look	20
rattling	1
speeches	1
notorious	1
Chuck	2
Conners	1
Bowery	1
New	2
York.	1
should	86
frankly	3
difficulty	1
experienced	1
getting	15
corresponding	1
expressions.	2
some	88
them	111
have	226
equivalents.	1
Care	1
been	108
exercised	1
select	1
thought	62
most	17
appropriate	1
judgment	2
converting	1
might	63
provoke	1
disapproval	1
"cultured"	1
class	18
"refined"	1
ears.	1
slangs	1
American	1
magazine	2
world-wide	1
reputation	1
editor	1
afraid	8
print	2
"damn"	1
necessary,	1
scorning	1
timid,	1
conventional	1
putting	4
"d--n."	1
propriety	1
printing	1
such	103
short	12
ugly	1
words	7
questioned,	1
sorry	14
say	36
now	26
exists	2
directly	4
bringing	4
account	11
met	15
untimely	2
death	3
board	4
Lusitania	1
sunk	2
German	1
submarine.	1
Thanks	1
Kennedy,	1
General	5
Manager,	1
Henry	1
Satoh,	1
Editor-in-Chief,	1
both	17
Kokusai	1
Tsushin-sha	1
(the	1
International	2
News	1
Agency)	1
host	1
friends	5
whose	5
untiring	1
assistance	2
suggestions	1
possible.	1
Without	3
sympathetic	5
interests,	1
seen	18
daylight.	2
1918.	1
CHAPTER	11
I	1661
Because	1
hereditary	3
recklessness,	1
playing	4
always	16
losing	2
game	8
since	22
my	431
childhood.	1
During	3
grammar	4
days,	6
once	33
laid	2
week	5
jumping	2
second	18
building.	2
Some	10
ask	10
why	17
committed	3
rash	2
act.	2
There	35
particular	8
reason	14
doing	8
thing	18
except	5
happened	8
looking	9
yard	5
floor	9
newly-built	1
house,	15
classmates,	1
joking,	1
shouted	3
me;	6
"Say,	19
you	284
big	14
bluff,	1
I'll	15
bet	1
can't	33
jump	5
there!	3
O,	1
chicken-heart,	1
ha,	7
ha!"	3
So	35
jumped	12
down.	9
janitor	11
carry	3
me	281
home	14
back,	9
father	14
saw	32
me,	54
yelled	1
derisively,	1
"What	18
fellow	51
get	96
your	61
bones	2
dislocated	2
story!"	1
"I'll	4
see	59
don't	54
next	30
time,"	1
answered.	2
One	25
relatives	1
presented	3
pen-knife.	1
showing	3
friends,	1
reflecting	1
pretty	11
blades	2
against	20
rays	2
sun,	2
chimed	1
gleamed	1
right,	11
seemed	35
rather	20
dull	2
cutting	1
with.	3
"Rather	2
dull?	1
See	8
cut!"	1
retorted.	1
"Cut	4
finger,	1
then,"	2
challenged.	1
And	41
"Finger	1
nothing!	1
Here	4
goes!"	1
cut	8
thumb	3
slant-wise.	1
Fortunately	1
knife	1
small	10
bone	1
hard	17
enough,	3
still	30
scar	1
until	14
death.	2
About	9
twenty	11
steps	3
east	4
edge	4
our	54
garden,	2
moderate-sized	1
vegetable	3
yard,	2
rising	1
toward	14
south,	1
centre	3
stood	20
chestnut	1
tree	6
dearer	1
life.	7
season	1
chestnuts	2
ripe,	2
used	19
slip	3
house	67
back	54
door	9
early	9
morning	8
pick	4
fallen	1
during	6
night,	11
eat	12
school.	19
west	3
side	11
adjoining	1
garden	3
pawn	1
shop	5
called	30
Yamashiro-ya.	3
shopkeeper's	1
boy	2
13	1
14	2
years	14
named	7
Kantaro.	1
Kantaro	2
was,	6
happens,	3
mollycoddle.	2
Nevertheless	1
temerity	2
over	45
fence	4
steal	1
chestnuts.	1
certain	12
evening	4
hid	1
myself	29
behind	9
folding-gate	1
caught	8
Having	8
retreat	2
off	38
grappled	1
desperation.	1
older	3
I,	7
though	18
weak-kneed,	1
physically	3
stronger.	3
While	27
wallopped	3
him,	21
pushed	6
head	49
breast	3
chance	5
slipped	3
inside	8
sleeve.	2
As	39
hindered	1
free	7
action	6
arm,	2
shake	1
loose,	1
though,	1
dangled	1
further	9
inside,	4
being	46
longer	2
able	16
stand	8
stifling	1
combat,	1
bit	11
bare	1
arm.	1
painful.	1
fast	4
fence,	1
dexterous	1
foot	2
twist	2
sent	4
flat	4
back.	8
broke	2
ground	5
belonging	1
Yamashiro-ya	7
six	14
feet	15
lower	3
fell	10
headlong	1
territory	1
thud.	1
rolled	11
tore	1
sleeve	1
enwrapped,	1
arm	2
recovered	2
sudden	4
freedom	1
movement.	1
That	17
night	53
mother	10
went	47
apologize,	1
she	97
Besides	3
above,	1
did	101
mischiefs.	2
With	9
Kaneko	1
carpenter	1
Kaku	1
fishmarket,	1
ruined	1
carrot	1
patch	2
Mosaku.	1
sprouts	1
just	46
shooting	3
covered	7
straws	1
ensure	1
healthy	1
growth.	1
Upon	2
straw-covered	1
patch,	1
three	63
wrestled	1
fully	4
half	26
day,	9
consequently	1
thoroughly	8
smashed	1
sprouts.	1
Also	2
filled	1
well	29
watered	1
rice	4
fields	1
owned	1
Furukawa,	2
followed	14
kicks.	1
devised	1
large	10
bamboo	7
pole,	1
deep	4
ground,	3
water	7
issued	1
irrigated	1
fields.	2
Ignorant	1
mechanical	1
irrigating	1
method	3
stuffed	1
pole	1
stones	3
sticks,	1
satisfied	5
came	54
up,	15
returned	19
eating	4
supper	1
fiery	2
anger,	2
burst	2
howling	1
protests.	1
believe	12
affair	11
settled	8
paying	5
damage.	1
Father	2
like	134
least,	1
sided	1
brother.	3
brother's	2
face	39
palish	1
white,	1
fondness	1
taking	18
actress	1
theatre.	1
"This	14
amount	4
much,"	1
remark	8
me.	62
"He's	2
reckless	2
worry	6
future,"	1
often	4
heard	38
Exactly;	1
amounted	1
much.	2
am	66
wonder	11
future	7
cause	6
anxiety	2
mother.	3
living	9
without	46
becoming	6
jailbird.	1
Two	5
previous	8
mother's	3
death,	4
took	33
turn	7
somersault	1
kitchen,	3
painfully	2
hit	7
ribs	1
corner	4
stove.	1
Mother	1
very	36
angry	3
told	59
show	21
again,	7
relative	2
stay	18
received	13
news	3
illness	2
serious,	2
after	56
efforts	9
her	75
recovery,	1
dead.	2
thinking	12
behaved	1
better	45
known	5
conditions	1
that.	18
Then	55
brother	17
mine	1
denounced	2
wanting	8
filial	1
piety,	1
caused	2
Mortified	1
this,	21
slapped	3
face,	6
thereupon	1
sound	9
scolding	1
father.	1
After	23
mother,	4
lived	10
nothing,	2
"You're	9
good"	2
face.	12
What	38
meant	9
"no	1
yet	7
understand.	2
funny	6
dad	1
was.	5
My	23
hard,	2
saying	28
going	73
businessman.	1
girl	3
nature,	4
"sassy"	1
terms,	2
fight	14
every	14
ten	12
days.	9
When	51
played	1
chess	1
placed	5
chessman	2
"waiter,"--a	1
cowardly	3
tactic	1
this,--and	1
hearty	2
laugh	7
seeing	8
fix.	3
His	9
trying	10
time	55
banged	5
forehead	1
injured	1
little	22
bled.	1
father,	3
disinherit	1
gave	15
lost,	1
expected	12
really	13
disinherited.	1
But	69
Kiyo,	6
us	24
so,	10
interceded	1
behalf,	1
tearfully	1
apologized	2
father's	1
wrath	1
softened.	1
regard	12
way,	20
felt	33
Kiyo.	16
decent,	1
well-to-do	2
family,	2
driven	1
poverty	1
Restoration,	1
servant.	1
woman	16
time.	9
woman,--by	1
affinity,	1
Buddhists	1
say,	14
know,--loved	1
great	7
deal.	2
Strange,	2
indeed!	1
She	30
blindly	1
fond	11
me,--me,	1
whom	14
became	34
disgusted	2
death;	1
considered	5
aggravating	1
proposition	2
year	4
round,	7
neighbors	1
cordially	1
hated	3
local	2
bully	1
among	13
youngsters.	1
long	30
reconciled	2
nature	4
attractive	3
others,	4
didn't	13
mind	21
treated	5
wood;	1
uncommon	1
pet	1
Sometimes	2
nobody	7
around,	3
praise	5
straightforward	2
disposition.	1
exactly,	1
clear	17
however.	1
said,	36
imagined	3
accord	2
treatment.	2
whenever	5
anything	34
kind,	3
answer	12
passing	2
compliments.	1
remark;	2
"That's	19
disposition,"	2
gaze	3
absorbing	2
tenderness.	1
recreate	1
imagination,	1
proud	2
fact.	2
chilled	1
marrow	1
constant	3
attention	5
dead,	2
loved	2
more.	4
simple	9
reasoning,	1
wondered	7
fancy	2
futile	1
part,	2
quit	7
thing,	3
bad	20
her.	5
same.	3
Once	6
in,	2
buy,	1
pocket,	3
cakes	1
sweetmeats	1
cold,	1
secretly	2
buy	6
noodle	11
powder,	2
bring	5
unawares	1
hot	27
gruel	1
bed;	1
sometimes	5
bowl	1
steaming	1
noodles	3
peddler.	1
Not	13
edibles,	1
generous	1
alike	1
socks,	1
pencils,	1
note	9
books,	2
etc.	3
furnished	1
me,--this	2
later,--with	1
yen,	5
money;	1
offered	3
room,	29
need	14
cash.	1
This,	1
course,	6
embarrassed	1
insistent	2
consented	1
borrow	4
it.	45
confess	2
glad	7
money.	5
put	25
bag,	1
carried	5
pocket.	2
drop	2
bag	3
cesspool.	1
Helpless,	1
lost	2
money,	4
fetched	3
stick,	1
splashing	1
family	2
well,	4
washing	3
strung	2
end	15
stick.	1
opened	9
edict	1
one-yen	1
bills	1
turned	12
faint	2
yellow	3
designs	1
fading.	1
dried	1
open	9
fire	3
handed	5
asking	6
right.	11
smelled	3
said;	7
"They	3
stink	1
yet."	1
"Give	1
changed."	1
bills,	1
and,--I	1
it,--brought	1
yen	30
silver.	1
forget	4
spent	4
yen.	6
pay	16
soon,"	1
didn't.	1
could	106
wished	7
times	5
amount.	1
out.	16
Many	3
things	19
like,	2
detest	1
monopolizing	1
favors	1
else's	1
Bad	1
relations	4
brother,	4
feel	18
justified	1
accepting	2
candies	2
color-pencils	1
knowledge.	1
"Why	5
also?"	1
asked	67
once,	8
answered	21
unconcernedly	1
left	31
bought	7
everything.	1
partiality;	1
obstinate,	1
sure	28
indulge	1
favoritism.	1
To	25
looked	49
way.	7
doubt	4
blind	2
indulgence	1
poor	9
soul	1
uneducated,	1
All	13
same,	1
tell	40
prejudice	1
drive	1
extremes.	1
day	28
achieve	1
high	3
famous.	2
Equally	1
spending	2
hours	7
studiously,	1
white	7
skin,	1
future.	3
beat	10
you.	15
believed	3
liked	8
famous,	1
not.	7
object	5
persistency	1
declared	7
speculate	1
one.	12
How	9
absurd	4
seems	12
recall	1
be,	6
formed	2
concrete	1
idea	7
that;	2
live	13
grand	1
entrance	6
hall,	1
ride	4
private	3
rikisha.	1
decided	13
herself	1
independent	3
occupy	3
house.	16
"Please	2
let	19
you,"--she	1
repeatedly	2
Feeling	1
eventually	3
"Yes,"	3
went.	2
woman,	4
strongly	1
imaginative.	1
questioned	4
liked,--Kojimachi-ku	1
Azabu-ku?--and	1
suggested	5
swing	1
room	60
etc.,	2
planning	2
everything	14
suit	6
fancy.	2
then	45
care	19
straw	1
house;	1
neither	8
style	2
effect.	2
uncovetous	1
clean	5
heart.	4
Whatever	5
lived,	1
fashion	2
five	20
years.	3
kicks	1
rows	3
cared	4
more;	1
enough.	5
boys	6
leading	3
frequently	3
pitied,	1
unfortunate,	1
so.	5
particularly	8
worried	5
too	44
tight	2
pocket	4
January	1
6th	1
died	3
apoplexy.	1
April	1
year,	2
graduated	3
school,	33
months	1
later,	3
business	11
college.	1
Soon	2
obtained	1
job	7
Kyushu	2
branch	3
firm	2
remain	8
continue	1
study.	1
proposed	3
sale	1
realization	1
property,	1
"Just	2
it."	12
intention	8
depending	2
anyway.	3
starting	3
smash-up	1
prone	1
quarrel	3
pretext.	1
because	44
order	6
receive	5
protection	1
bow	4
fellow,	13
resolved	2
milk	2
delivery.	1
Shortly	2
afterwards	2
dealer	2
sold	1
song	2
bric-a-bric	1
ages	1
ago	2
family.	2
Our	1
lot	5
sold,	1
middleman	1
wealthy	1
person.	4
transaction	1
netted	1
goodly	1
sum	1
detail.	1
month	10
rooming	2
boarding	30
Kanda-ku,	2
pending	1
decision	2
course.	3
greatly	11
grieved	1
change	3
ownership,	1
helpless	1
matter.	2
"If	17
older,	2
inherited	3
house,"	1
remarked	5
earnest.	1
ought	11
inherit	1
then.	3
knew	15
lack	10
age	1
prevented	2
coming	19
possession	1
Thus	3
parted	6
disposal	1
difficult	7
proposition.	1
unable	10
take	55
along,	1
danger	4
Kyushu,	2
anytime	1
out,	12
intended	4
else.	2
Finally	5
definitely	2
nephew's	2
wait	11
started	31
married.	2
nephew	7
clerk	3
Court	1
Justice,	1
fairly	3
off,	3
invited	6
preferred	1
us,	5
servant,	1
think	39
start	21
strange	14
Be	1
may,	1
advised	2
household	1
soon,	1
married,	2
help	11
housekeeping.	1
kin.	1
departure	4
giving	7
600	5
begin	8
ahead	4
study,	2
spend	2
liked,	1
last	12
spare.	1
commendable	1
act	6
What!	1
yen!	1
along	12
thought,	13
unusually	5
accepted	9
offer	5
thanks.	1
produced	2
50	2
requesting	2
her,	4
readily	3
complied	2
after,	2
Shimbashi	1
Station,	1
set	14
eyes	10
since.	4
Lying	1
bed,	4
meditated	2
fraught	1
trouble,	6
besides	2
calling.	1
Moreover	1
worth	2
name.	2
Were	1
educated,	1
all,	12
Better	3
investments	1
alone,	1
study	7
Dividing	1
three,	2
200	1
kept	22
bull-dog	2
tenacity	1
years,	3
learn	2
something.	3
selection	1
problem.	2
appeals	1
taste.	1
Nix	1
literature!	1
poetry	1
Greek	1
single	7
line	14
twenty.	1
Since	5
detested	1
Thinking	2
thus,	2
pass	2
front	22
physics,	2
sign	7
posted	5
admittance	1
students,	12
"affinity,"	1
having	40
prospectus,	1
filed	2
application	1
entrance.	1
now,	10
blunder	3
recklessness.	2
studied	2
diligently	1
ordinary	6
fellows,	6
brilliant	1
quality,	2
easier	2
find	23
bottom.	1
isn't	14
over,	6
graduated?	1
myself,	5
complaint,	1
passed	19
Eight	1
graduation,	1
principal	51
him.	32
wanted,	1
Shikoku	2
mathematics	9
forty	9
month,	3
sounded	3
truth,	4
either	13
teaching	13
country.	4
sight,	1
teaching,	1
offer.	2
position,	5
there.	14
confined	1
kick	4
rough	10
comparatively	2
easy	7
period	1
pack	3
up.	6
Kamakura	2
picnic	1
classmates	1
last,	3
far,	6
stepped	10
outside	10
remember.	1
darn	3
away,	4
beats	5
mile.	1
prospective	1
situated	3
coast,	1
size	5
needle-point	1
map.	1
anxiety.	1
simply	6
travel	2
while,	8
Kiyo's	2
Her	3
good-natured,	2
home.	5
boost	1
sky-high	2
purchase	1
Kojimachi-ku	1
government	2
office.	3
talked	8
aloud,	2
unwilling	1
bashful	1
listener.	1
weighed	2
tales	1
self-indulgence	1
type,	1
seemed,	3
Feudal	1
Lords,	1
obligation	4
herself.	1
settling	2
departure.	1
sick	9
abed	2
but,	5
got	29
immediately	2
inquired;	1
"Master	3
Darling,	3
housekeeping?"	1
evidently	2
soon	16
finishes	1
money	13
itself.	1
call	14
"great	1
man"	1
"Darling."	1
disappointed,	1
blankly	3
smoothed	1
gray-haired	1
sidelocks.	1
comfortingly;	1
"I	38
soon.	4
return	15
vacation	1
summer,	1
sure."	3
Still	2
appeared	27
satisfied,	3
added;	1
"Will	3
surprise.	2
like?"	1
"sasa-ame"[1]	1
Echigo	5
province.	2
"sasa-ame"	2
Echigo.	1
with,	1
location	1
entirely	8
[Footnote	12
1:	1
Sasa-ame	1
rice-jelly	1
wrapped	2
sasa,	1
leaves,	1
well-known	3
product	1
province.]	1
"There	3
'sasa-ame'	1
where	41
I'm	36
going,"	2
explained,	2
rejoined;	1
"Then,	3
direction?"	1
"westward"	1
"Is	10
Hakone?"	1
give-and-take	2
conversation	3
proved	3
departure,	1
helped	6
carpet-bag	1
tooth	1
tooth-brush	1
towels	1
dry	1
goods	1
store	1
protested	2
them,	15
insistent.[A]	1
We	27
rode	2
rikishas	1
station.	2
Coming	3
platform,	1
gazed	8
car,	1
low	4
voice;	1
good-by.	1
Take	4
yourself."	1
tears.	1
cry,	2
to.	7
train	13
run	11
distance,	2
poked	1
window	1
small.	2
II.	1
long,	8
sonorous	1
whistle	3
steamer	3
aboard	1
standstill,	1
boat	9
making	19
shore.	2
rowing	3
stark	1
naked,	1
cloth	1
girt	1
round	17
loins.	1
barbarous	1
place,	9
this!	7
excused	3
weather	3
sun's	1
strong	4
glimmered	1
colors	3
dazzle	2
one's	8
sight	10
long.	7
ship	1
here.	6
fishing	9
village	4
Omori.	1
Great	1
Scott!	1
wouldn't	11
hole,	1
So,	2
boat,	2
others	13
loading	1
four	16
boxes	1
besides,	1
red-cloth	1
rowed	2
ashore.	1
struck	3
sand,	1
again	19
accosted	1
skinny	1
urchin	1
nearby,	1
kid	5
know.	4
Confound	1
dull-head!	1
tiny	4
town.	11
wearing	2
rig	1
short,	3
queer	7
shaped	1
sleeves	4
approached	2
bade	1
follow.	1
walked	6
inn	3
Minato-ya.	1
maids	1
inn,	1
disagreeable	1
impression,	1
chorused	1
step	3
inside."	1
discouraged	2
proceeding	1
further,	2
door-way,	1
miles	1
rail,	1
snatched	1
valises	2
queer-shaped	1
[B]	1
guided	1
strode	1
away.	13
dazed	1
expression.	1
station	6
easily	6
found,	1
ticket	5
fuss.	1
coach	4
dignified	2
match-box.	1
rambled	1
minutes,	1
off.	3
fare	1
cheap;	1
sen.	4
hired	2
rikisha	3
arrived	3
already	16
night-duty	1
janitor,--the	1
night-watch	1
easy,	1
sure.	3
visiting	3
principal,	10
tired,	5
ordered	3
rikishaman	3
hotel.	2
alacrity	1
led	2
hotel	14
Kantaro's	1
ushered	2
below	5
stairway.	1
place!	2
warm	3
dumped	5
mumbling	2
rooms	3
occupied.	1
resolution	1
weltering	1
heat.	1
bath	11
ready,	3
one:	1
bathroom,	1
peeped	2
about,	1
rooms,	3
cooler	1
mine,	3
vacant.	3
Sunnovagun!	1
lied.	1
By'm-by,	1
supper.	5
Although	3
hot,	2
meal	3
deal	1
waiting	2
from,	2
"from	1
Tokyo."	1
asked;	2
"Isn't	3
nice	4
place?"	2
shot	7
"Bet	2
'tis."	1
reached	2
loud	8
laughs	4
heard.	7
doing,	3
sleep.	4
noisy,--about	1
noisier	1
snoozing,	1
dreamed	2
province	2
wrapper	1
leaves.	1
stop	12
leaves	5
harm,	1
replied,	2
"O,	3
no,	1
helpful	1
health,"	1
ate	8
relish.	1
Astounded,	1
laughed	7
"Ha,	7
ha!"--and	1
awoke.	1
opening	6
shutters.	1
day.	8
travelling,	1
"tea	5
money"	4
stops;	1
unless	17
given,	1
hostelry	1
slow	2
fork	1
huddled	1
narrow,	3
room.	18
Likewise	1
shabby	1
clothes	2
carpet	1
bags	1
satin	1
umbrella	1
accountable	1
Took	1
piker,	1
eh?	14
hayseeds!	1
knocker	1
money."	1
30	2
remained	2
expenses.	1
Taking	1
railway	1
steamship	2
fare,	1
incidental	1
expenses,	3
had;--what	1
care,	1
salary	21
now.	7
folk	2
tight-wads,	1
5-yen	3
bill	4
square.	2
Now	3
watch	20
see.	2
washed	3
waited,	1
breakfast.	1
Waiting	1
tray,	2
sulphuric	1
smile.	2
Rude!	1
Is	4
parade	2
marching	5
face?	2
say.	5
maid.	1
breakfast,	2
disgusted,	1
office	7
later.	2
shy	3
awkward.	2
meal,	1
shoes	3
polished.	1
vague	1
direction	7
turning	8
corners,	1
gate.	3
From	9
gate	4
walk	8
paved	1
granite.	1
rikisha,	1
outlandishly	2
noise	6
coy.	1
students	56
uniforms	1
cotton	1
drill	1
entered	10
taller	1
fellows	21
ilk,	1
impressed	6
uneasiness.	1
card	2
once.	4
scant	1
mustache,	1
dark-skinned	1
big-eyed,	1
badger.	2
studiously	2
assumed	2
air	4
superiority,	1
best,	1
appointment,	1
stamped	1
big,	1
solemn	1
manner.	7
threw	6
sea	4
introduce	1
teachers,	3
each	16
appointment.	1
bother!	1
stick	3
teachers'	11
instead	4
monkey	1
process.	1
teachers	21
bugle	4
hour	14
sounded.	1
plenty	2
watch,	4
acquaint	1
by-and-bye,	1
furnish	1
general	3
matters,	3
lecture	1
spirit	7
education.	2
listened	4
else,	3
lecture,	2
began	31
realize	1
do,	4
means,	2
example	1
admiration	2
exert	1
moral	2
influence,	2
technical	2
knowledge	1
real	4
educator,	2
ridiculously	1
high-sounding.	1
admirable	1
qualities	2
40	1
month!	1
Men	2
generally	2
alike.	1
gets	8
excited,	2
liable	2
fight,	3
says,	4
hardly	7
mouth	6
utter	1
anything,	4
stroll	2
around	7
place.	8
fill	1
onerous	2
post,	1
before.	4
hate	2
lie;	1
cheated,	2
mess	3
9	1
tipping	1
5	1
Nine	1
tipped	1
hotel;	2
pity!	1
However,	6
manage	4
somehow.	3
expenses	1
lie.	3
appointment."	1
shoved	2
note.	2
winked	3
badger-like	1
want,	1
worry."	1
laughed.	9
already,	2
earth	1
scare	1
for?	1
Meanwhile	5
sounded,	2
bustling	1
noises	1
rooms.	4
told,	1
spacious	2
rectangular	1
sat	22
table	4
lined	5
walls.	1
glanced	6
agreement.	4
Did	3
show?	1
Then,	3
per	5
instructions,	1
introduced	1
showed	10
them.	23
Most	3
chairs	1
slight	2
acknowledgment.	1
polite	5
respectfully	3
cheap	3
performances	2
rural	1
show!	1
fifteenth,	1
physical	9
training,	2
impatient	3
repeating	2
often.	1
fifteen	4
times.	2
sympathy.	3
Among	3
Blank	2
teacher.	5
Said	2
Bachelor	5
Arts.	1
suppose	5
graduate	2
Imperial	3
University	1
title.	1
strangely	3
effeminate	1
voice	13
woman.	5
surprised	5
wore	3
flannel	3
shirt.	2
However	4
thin	1
year.	2
painstaking	1
dress	2
required	3
B.A.!	1
shirt;	1
kill	1
you!	2
wears	1
shirt	2
round.	1
affliction!	1
According	4
explanation,	3
shirts	1
sake	4
health	2
color	4
beneficial	4
condition.	1
Unnecessary	1
worry,	1
case,	4
coat	2
hakama	1
also	14
red.	2
Koga,	5
complexion	1
pale.	2
Pale-faced	1
usually	4
thin,	4
pale	5
fat.	1
attending	2
Tami	1
Asai	3
class,	7
Koga.	3
farmer,	1
farming.	1
so;	1
Hubbard	45
squash	2
"uranari"	2
[2]	1
reason.	1
Thereafter	1
fat,	1
granted	3
result	2
eaten	3
"uranari."	1
surely	12
subsisting	1
squash.	1
meaning	5
is,	2
Probably	6
mathematics,	3
Hotta.	3
massive	2
body,	2
hair	1
closely	1
cropped.	1
old-time	1
devilish	2
priests	2
Eizan	1
temple	9
politely,	2
blurted	2
out;	3
newly	3
appointed,	1
Come	5
sometime,	1
2:	1
Means	1
crop.]	1
Devil	2
Who	4
void	2
sense	2
common	5
decency!	1
priest	2
nickname	1
Porcupine.	13
Confucian	1
strict	2
profession.	1
"Arrived	2
yesterday?	1
tired.	1
Start	1
already?	2
Working	1
indeed!"--and	1
on.	5
man,	3
sociable	1
talkative.	1
drawing	4
altogether	3
actor.	1
flappy	1
haori	1
sukiya,	1
toying	1
fan,	1
giggled;	1
"Where	4
from?	1
Tokyo?	1
Glad	1
hear	9
another	13
group.	2
myself."	2
prided	1
kid,	4
writing	14
many,	1
here	23
otherwise	2
formal	5
introduction	1
arrangements	2
hours,	3
morrow.	1
Asked	1
Holy	1
smokes!	1
serve	9
him?	1
disappointed.	1
stopping?	1
Yamashiro-ya?	1
Well,	9
talk	17
over."	1
saying,	9
Porcupine,	21
chalk	3
hand,	8
class.	8
humiliating	1
head-teacher	3
subordinate,	1
leaving	4
returning	6
hotel,	2
town,	11
walking	7
nose.	2
prefectural	1
building;	1
structure	1
century.	1
barracks;	1
imposing	1
Azabu	1
Regiment,	1
main	2
street.	1
width	1
street	3
Kagurazaka,	1
aspect	1
inferior.	1
castle-town	1
250,000-koku	1
Lord!	1
Pity	1
swell-headed	2
castle-town!	1
musing	1
narrower	1
believe.	2
nearly	5
all.	12
Guess	1
eat."	1
mistress	1
sitting	4
counter,	1
appearance	1
"Are	2
Sire!"	1
scraped	2
forehead.	2
upstairs	6
15	2
mats	1
(about	1
90	3
square	3
feet).	1
splendid	3
this.	10
uncertain	1
future,	1
dress,	1
summer	2
on,	5
sprawled	1
shape	3
letter	25
"big"	2
(arms	1
stretched	1
legs	2
spread	2
wide[D]).	1
refreshing.	1
luncheon	1
wrote	3
write	10
letters	5
sentence-making	1
stock	1
words.	3
address	3
letters.	3
anxious.	1
lest	1
boarded	5
wrecked	1
drowned,--so	1
braced	1
body	2
follows:	1
yesterday.	2
Am	2
sleeping	4
mats.	2
Tipped	1
tea	5
house-wife	1
Couldn't	1
sleep	7
night.	5
Dreamed	1
sasa-ame	2
together	7
bamboo-leaf	1
wrappers.	1
Will	4
summer.	1
Went	1
to-day,	6
nicknamed	3
fellows.	2
'Badger'	1
'Red	1
Shirt'	1
head-teacher,	2
'Hubbard	1
Squash'	1
'Porcupine'	1
'Clown'	1
drawing.	1
Good	2
bye."	1
finished	6
letter,	3
sleepy.	1
slept	4
done	14
before,	4
([D]).	1
dream	1
room?"--a	1
heard,--a	1
woke	1
Porcupine	103
entered.	1
"How	6
do?	1
school----"	1
talking	12
rattled	2
learning	2
duties	1
difficulty,	1
accept.	1
hence	1
move.	1
anybody	4
else	3
sooner	8
better.	2
Go	1
move	6
tomorrow	3
That'll	1
settled."	2
arranging	1
himself.	3
Indeed,	4
blow	7
squaring	1
pity	8
leave	20
shone	2
tip.	1
decidedly	2
convenient	2
rate,	3
did.	1
mid-way	1
hill	1
quiet.	7
boss	12
antique	4
curios,	2
Ikagin,	2
wife	4
senior.	1
learned	1
word	8
"witch"	1
exactly	2
man's	2
wife,	4
witch.	1
cup	1
ice-water.	1
disgustingly	3
overbearing	1
judging	2
Only	6
quick-temper.	1
afterward	4
III.	1
last.	3
class-room	1
platform	1
strange.	4
lecturing,	1
keep	22
profession	2
instructor.	1
noisy.	1
holler	1
"Teacher!"	2
"Teacher,"--it	1
"going	1
some."	1
calling	5
"teacher"	3
one,	7
wide	4
gap	1
difference.	1
tickling	1
soles.	1
sneakish	1
coward;	1
only--it's	1
pity--I	1
audacity.	1
calls	2
shock	2
similar	4
hearing	7
noon-gun	1
Marunouchi	1
hungry.	3
encountering	1
knotty	2
questions.	1
"well,"	1
satisfied.	2
invading	1
enemy's	1
territory.	1
entering	1
delicately	1
built	5
small,	2
appear	10
impressive	2
elevated	1
position.	3
scraping,	1
hold	8
wrestlers,	1
appearing	3
awe-inspiring[E],	1
merely	2
aid	1
tongue,	1
chaps	1
Believing,	1
precedent	2
weakness,	1
lectured	1
loudly	1
brusque	1
tone.	2
aback	2
literally	1
mouths	2
open.	2
you!"	3
thought.	3
Elated	1
success,	1
strongest,	1
row,	1
suddenly,	1
goes!--I	1
"A-ah	6
sa-ay,	1
quick.	1
A-ah	1
ca-an't	2
leetle	1
slow?	1
A-ah?"	1
you?"	4
"A-ah?"	1
dull.	1
fast,	2
slow,	1
do.	5
understand	9
do."	1
closed	3
expected.	1
Only,	1
won't	5
please	6
me?"	2
problems	1
geometry	1
solve.	1
damper	2
But,	2
helpless,	2
telling	7
hastily	6
raised	8
"Whee--ee!"	1
"He	6
doesn't	7
much."	2
Don't	4
encyclopaedia!	1
questions	1
easily,	1
month.	1
time?"	1
"Umh."	1
"Umh"	2
only,	4
boneheads.	1
whimsical	1
third	7
fourth	2
afternoon	1
classes	3
attended,	1
blunder.	3
realised	2
appeared.	2
alone	11
o'clock.	3
understood	7
o'clock	3
finish	3
cleaning	1
report	1
whereupon	2
students'	1
roll,	1
Outrageous,	1
indeed,	1
chained	1
staring	5
empty	1
space	2
"bought"	1
salary!	1
Other	1
meekly	1
submitted	1
regulation,	1
believing	2
me,--a	1
comer--to	1
fuss	4
home,	6
absurdity	1
keeping	8
till	4
regardless	1
"Yes"	1
advisory	1
complaints	2
"Talk	1
guys	2
around."	1
corner,	3
reaching	3
"Let	4
tea."	3
treat	5
you,"	3
drank	4
tea.	2
Judging	3
practising	1
you"	1
absence.	1
drawings	2
curios	2
business.	3
"You	21
art.	2
Suppose	2
patronizing	2
fun	2
er--connoisseur	1
art?"	1
solicitation.	1
ago,	4
Hotel	1
(Tokyo)	1
errand,	1
locksmith.	1
Daibutsu	1
Kamakura,	1
haying	1
toe	1
blanket,	2
addressed	4
"Gov'ner."	1
mistaken	1
occasions	1
things,	4
none	7
counted	2
probable	2
connoisseur	2
appearance.	3
aspires	1
patron	1
art	3
pictured,--you	1
drawing,--with	1
hood	1
head,	8
carrying	1
tanzaku[3]	1
hand.	4
pretends	1
mean	19
crooked	4
dog's	1
hind	1
legs.	1
art-stuff,	1
favored	1
retired	1
people.	3
laughed,	3
remarking	2
first,	4
fascinating	1
served	5
grotesque	1
bitter,	1
heavy	4
kind.	2
swallow	2
stomach.	1
bitter	1
that,	6
"All	3
Sir,"	5
cup.	1
man's.	1
prepared	4
morrow	1
bed.	2
3:	1
tanzaku	1
narrow	7
strip	1
stiff	2
paper	16
poem	2
written.]	1
Everyday	1
thereafter	2
attended	2
worked	3
regulations.	2
Every	1
return,	2
personality	2
wife.	1
receipt	4
appointment	3
whether	15
favorably	2
students.	7
score.	2
Blunders	1
chagrin,	2
head.	4
who,	6
worrying	4
about[F]	1
try	3
absolutely	3
indifferent	1
blunders	1
affected	2
head-teacher.	1
mentioned	3
audacity	2
speak	3
of,	2
finish.	1
elsewhere	2
consequence,	3
Badger	21
Red	177
Shirt	115
wielded	1
influence	1
coaxing	2
coddling	1
youngsters	2
O.K.	1
fetch	7
seals.[4]	1
displayed	1
persuaded	3
cheap,	2
said.	17
rate	2
painter	1
country?	1
Next	3
panel	4
picture	5
flowers	2
birds,	1
drawn	7
Kazan	4
somebody.	1
hung	10
wall	2
alcove	5
done,	2
echoed	2
done.	4
lecturing	3
Kazan,	1
Kazans,	1
nonsensical	2
insisted	4
declined	2
4:	1
Artists	1
several	3
seals	2
stone	8
stamp	1
draw	2
guarantee	1
identification.	1
hobby	2
artists,	1
sales	1
exchange	2
occurrence.]	1
time."	1
insistent.	1
purchasing	1
necessary	1
Again	1
yanked	2
slab	1
ridge-tile.	1
tankei,"[5]	1
"tankeied"	1
times,	2
tankei.	1
Right	2
commenced	5
subject.	2
upper,	1
stratum	1
tankei,"	1
"Most	1
tankei	1
slabs	1
to-day	6
upper	2
stratum,"	1
continued,	2
"but	1
stratum.	1
Look	4
'gan.'[6]	1
'Tis	3
certainly	3
rare	2
'gans'	1
ink-cake	1
grates	1
smoothly	1
Try	1
sir,"--and	1
towards	1
much,	4
owner	5
China	2
wishing	2
sell	3
possible,	7
thirty	7
fool.	3
somehow,	1
"curio	1
siege"	2
5:	1
Tankei	1
suitable	1
purposes	1
produced.]	1
6:	1
"Gan"	1
mark	3
Tankei.]	1
afterwards,	1
strolling	3
Omachi,	1
notice	8
annotated	1
"Tokyo"	1
post	2
noodles.	1
seasoning	1
spices,	1
uncontrollable	1
temptation	1
cost.	2
Up	4
forgotten	1
thus	13
noodles,	2
unnoticed.	1
availing	1
opportunity,	1
in.	4
sign.	2
claimed	1
follow	8
tidied	1
means,--I	1
which,	3
miserably	1
dirty.	1
floor-mats	2
shaggy	1
sandy	1
dust.	2
sootcovered	1
walls	1
defied	1
blackest	1
black.	1
ceiling	1
smoked	1
lamp	5
black,	1
involuntarily	1
bend	2
neck.	1
price-list,	1
glaringly	1
"Noodles"	1
pasted	1
wall,	2
new.	1
At	15
price-list	1
"tempura"	5
(noodles	1
shrimp	1
fried	2
batter).	1
tempura,"	1
voice.	7
chewing	1
direction.	5
first.	3
other,	3
"how	1
d'ye	1
do'd"	1
acknowledged	2
across	5
tasted	2
fine	8
bowls.	1
unconcernedly,	1
black	10
space;	1
"Professor	1
Tempura."	1
merry	2
hee-haws	1
tempura	8
noodle.	1
Thereupon	3
said,--"But	1
bowls	3
paid	16
money,--and	1
speedily	4
finishing	2
minutes'	1
recess,	1
before;	1
"Four	1
laugh."	1
arouse	1
ill-temper	1
irritating	2
mad.	2
joke	2
mischievous.	1
jealousy	1
women	3
coal,	1
suggest	2
flames.	1
Nobody	3
likes	1
simpletons,	1
differentiate	1
delicate	1
boundary,	1
seem	7
bent	4
pushing	2
limit.	3
goes	7
hour,	4
capable	2
better,	2
trumpeting	1
aloud	1
incident	8
Russo-Japanese	1
war.	1
bunch	2
miserable	2
pups!	1
boyhood	2
punies	1
dwarf	1
maple	1
flower	3
pot,	1
mature	1
gnarled	1
twisted.	1
objection	1
innocent	4
jokes.	1
how's	1
this?	3
Boys	1
are,	3
"poisonous	1
temper."	1
Silently	1
erasing	1
board,	2
mischief	3
interesting,	1
"cowardice."	1
cowardice.	1
disgusting	1
pitied	1
teach	6
lot.	1
"Keep	1
shut,	2
hard,"	1
snapped,	1
written:	3
"When	5
eats	1
drawl	1
nonsense."	1
aroused	3
declaring	1
sassies,	1
straight.	4
unexpected	3
holiday,	1
pass,	2
curious	2
preferable	2
rounded	1
rugged	1
temper	3
affair.	2
also.	2
what.	1
pacific,	1
suburb	1
Sumida	2
"dango"	1
(small	1
balls	1
glutinous	1
rice,	1
dressed	5
sugar-paste).	1
restaurants,	1
hot-springs	1
houses	5
park,	1
addition,	1
"tenderloin."	1
dango	16
near	6
tenderloin,	1
widely	1
taste,	1
dropped	8
bath.	2
meet	10
board;	1
"Two	2
dishes	2
dango--7	1
sen."	1
true	3
seven	3
Troublesome	1
kids!	1
declare.	2
certainty	1
was;	1
"The	21
tenderloin	3
taste	1
fine."	1
Stupid	1
wretches!	1
towel	8
topic	2
widespread	1
gossip.	1
Inquiry	1
revealed	1
absurd.	1
Since,	1
arrival	3
here,	8
routine	1
springs	10
compared	3
worthy	5
praise.	1
dip	1
walking,	2
partly	2
exercise,	1
large-size	1
dangling	3
Added	1
reddish	1
acquired	1
soaked	5
hot-springs,	1
border,	1
streaked	1
dyed	1
hand	5
ways	4
afoot	1
riding	2
train.	4
reason,	3
Towel.	1
Honest,	1
exasperating	1
patronized	1
three-story	1
patrons	2
provided	5
bath-robe,	1
addition	3
attendant,	1
eight	6
top	7
regular	2
fashion.	3
gossipy	1
spotters	1
extravagant.	1
Why	7
devil	4
care?	1
bath-tub,--or	1
tank	2
case,--was	1
granite,	1
measured	3
feet.	3
Usually	1
thirteen	1
fourteen	1
tank,	3
none.	3
breast,	1
enjoyed,	1
athletic	1
purposes,	1
swimming	5
tank.	1
delighted	1
30-square	1
chances	3
total	1
absence	3
Once,	1
downstairs	1
light	6
heart,	5
peeping	5
swim,	1
noticed	5
boldly	1
"No	4
allowed	2
tank."	2
swam	1
sake.	1
swimming.	1
although	5
swimming,	1
surprised,	5
usual,	2
united	1
tracking	1
everywhere.	2
sick.	2
matter	30
suffocating	1
And,	3
then,	7
"antique	1
curio	1
IV	1
duty	7
turn.	1
exempt	3
duty,	1
accorded	1
treatment	4
officials	1
"Sonin"	1
rank.	1
Oh,	1
fudge!	1
less,	2
watch.	4
fair.	2
regulations	1
convenience	1
brazen	2
faced	2
dissatisfied	1
question,	2
according	2
opinion	2
protests	1
person,	3
insistency	1
made,	2
person	13
just.	1
remonstrated	1
quoting	1
"Might	2
right"	1
English.	1
catch	8
point,	5
stronger	2
require	2
explain	2
question	7
different	9
agree	10
stronger?	1
argument	2
argument,	1
Being	1
fastidious,	1
enjoyed	2
comfortably	1
bedding.	1
childhood,	1
stayed	6
overnight.	1
roof	3
inviting,	1
sure,	2
worse.	2
repulsive,	1
alternative.	1
faculty	1
gone	7
rear	3
building	1
dormitory.	1
finding	4
squarely	6
facing	2
setting	1
melt.	1
spite	2
autumn	3
spell	1
lingered,	1
dilly-dally	1
atmosphere	2
unspeakably	1
poor.	1
subsist	1
stuff	5
"roughing	1
it"	2
lively	3
hungry	1
supper,	2
4.30	1
afternoon.	1
heroes	1
sense.	3
sun	1
high,	1
bed	12
yet.	5
hot-springs.	1
wrong	27
oppressively	1
akin	1
imprisonment.	1
inquired	1
fathom	2
situation;	1
minute.	2
"on	1
business?"	1
"No,"	1
springs,	6
to-day.	3
dipping	1
Furumachi	1
Station	1
blocks	2
school;	1
cover	2
schoolwards,	1
opposite	4
Badger,	6
presumed,	1
brisk	1
steps,	1
by,	3
nodded	1
courtesy.	1
owlish	2
countenance,	2
asked:	1
"Am	1
watch?"	3
"Am-I-wrong-to-understand"!	1
to-night.	5
Now,	3
yourself?"	1
roundabout,	1
twisted	3
principal?	1
smiling.	1
"Yes,	17
"I'm	10
to-night,	4
overnight,	1
parting	2
shot,	2
met.	1
cross-streets	1
Katamachi,	1
Whenever	2
ventures	1
familiar	1
aren't	1
hallooed,	1
am."	1
"Tis	1
pleasure,"	1
added,	1
bold	2
front;	1
"Nothing	2
out."	4
slap-dash	1
Wouldn't	1
this."	1
submissive	1
tone	6
contrary	3
saying:	4
Why,	4
approved	3
hot."	1
bee-line	1
chat	2
hours.	2
grew	1
anyway,	3
shirt,	2
lifted	1
mosquito-net,	1
blanket	2
bang.	2
bumping	1
habit	2
boyhood.	1
"It	4
habit,"	1
student	5
law	4
floor,	2
second,	1
Ogawa-machi,	1
Students	1
schools,	1
weaklings	1
double	3
ability	2
persons	2
talking.	1
dwelt	3
accusations,	1
downed	1
answering	2
hip,	1
solid	1
base,	1
make,	1
banged.	1
well-rested	1
loudest	1
bang	3
make.	1
bully!"	1
straightened	1
feet,	6
clung	2
coarse,	1
fleas.	1
shook	5
Instantly	1
blamed	1
increased,--five	1
legs,	1
thighs,	1
crushed	1
beneath	4
hip	1
belly.	1
greater.	1
jumped,	2
fifty	8
sixty	4
grasshoppers	8
flew	4
uneasy	1
were,	2
grasshoppers,	2
war	2
path.	1
insignificant	3
man!	1
what's	4
pillow	1
twice	6
thrice,	2
objects	2
effect	5
proportion	1
blows	1
administered.	1
adopted	1
plan.	1
beating	2
matting	1
house-cleaning,	1
pillow.	1
pillow;	2
desperately	1
nose	6
grabbed	6
such,	1
dashed	6
floor.	3
provoking	1
landed	1
mosquito-net	1
fluffy	2
jerk	1
remained,	1
slaughter	1
ended.	2
broom	3
swept	3
"Damn	2
matter!	1
Where	5
thunder	4
fools	5
bed!	1
pumpkinhead!"	1
explaining	4
Did-not-know,"	1
thundering	1
throwing	1
broom.	1
awe-struck	1
shouldered	1
faded	1
summoned	1
"representatives,"	1
reported.	1
Six	1
difference;	1
night-shirt	1
fired	4
bed!"	1
"Grasshoppers?	1
they?"	2
front,	2
addicted	1
using	5
twisted-round	1
"Don't	4
grasshoppers!	1
shall	11
see!"	1
none;	1
thrown	2
garbage	1
box,	1
again.	7
hurry	2
up,"	1
sped	1
paper,	4
remarking:	1
sorry,	1
Sir.	5
It's	1
tomorrow."	1
janitor.	2
grasshopper	2
grasshopper.	1
What's	3
idiots	1
grasshopper."	1
saucily	1
back:	1
that's	17
locust,	1
a-ah----."	1
"Shut	2
They're	4
thing.	2
'A-ah	1
say'?	1
Ah-Say	1
Ah-Sing	2
Chink's	1
name!"	1
counter-shot,	1
answered:	2
different,--A-ah	1
say."	2
rid	4
"Grasshoppers	1
locusts,	1
bed?	1
to?"	1
"Nobody	1
in."	1
not,	5
bed?"	1
"Locusts	1
places	2
themselves."	1
fools!	1
Grasshoppers	2
respectfully!	2
smile	2
mischief?	1
Speak	1
"But	6
Shrimps!	1
deed,	1
defiant,	1
insist	2
innocence	1
evidence	3
culprit	1
sought	1
cowardly,	1
done;	1
been,--that's	1
square,	3
dodge	1
punishment,	3
Mischief	1
punishment	8
bound	3
together.	3
enjoy	3
mischief-making	2
accompanied	1
consequences.	1
does	17
dastardly	3
hungers	1
vogue?	1
graduated.	1
for,	1
anyway?	1
enter	1
tattle	1
lies,	1
play	4
silly	1
jokes	1
sneaking	1
cheating	2
wrongly	1
jackasses	1
are.	3
hatred	1
scamps	1
intense,	1
dismissed	1
deserve	1
knowing	5
decent	6
vulgar	2
school."	3
manner,	4
standard	1
gangs.	1
Those	4
leisurely.	1
Outwardly	1
teacher,	6
repulsive	1
calm	3
behavior.	2
equal	3
theirs.	1
net	2
crowds	1
mosquitoes.	1
bother	1
burn	1
candle	1
flame.	1
hooks,	1
folded	1
lengthwise,	1
crossways,	1
rings	1
net,	1
flying	2
accidentally	1
forget.	1
cooled	2
little,	2
easily.	2
past	8
ten.	2
realized	3
dirty	2
pit.	1
schools	5
everywhere	3
handle	3
wonderful	2
short.	2
boneheads	2
extraordinary	1
patience;	1
respect,	1
admiration.	1
education	2
social	2
human,	2
command	6
respect.	4
Until	1
trouble	10
appreciating	1
goodness,	1
far-off	1
country,	3
appreciated,	1
kindness.	1
province,	3
purpose	4
buying	1
sweetmeat	1
trouble.	4
praising	4
unselfish	1
straight,	1
sterling	1
praises.	1
meeting	13
meditating	4
sudden,	1
above	6
people,	1
guess	2
number,	1
stamping	4
bang,	10
threatened	1
proportionately	1
whoops.	1
popped	1
moment	12
aware	1
committed,	1
confess,	1
offence	1
atoned	1
for.	2
themselves	4
crimes	1
proper	6
repent	2
folly	1
beg	3
pardon	1
morning.	3
apologize	10
racket	1
mean?	1
hogs	1
dormitory?	1
crazy	4
stop.	2
get!"	1
ran	5
steps.	1
thunderous	3
rumbling,	1
act,	1
hushed.	1
whisper	2
footsteps	1
funny.	1
blown	3
dark,	2
nevertheless	1
instinct	1
somebody	1
corridor	5
running	7
west,	1
hiding	2
mouse.	1
moonlight	2
flooded	1
light.	4
scene	9
uncanny.	1
dreaming	1
muttering	1
understood,	4
affording	2
everybody	2
laugh.	3
sixteen	3
seventeen,	1
picked	1
diamond,	1
demanded	2
close	5
diamond.	1
demand	3
chaffed	1
fatal	1
loss	6
precious	2
stone,	1
humiliation.	1
Maybe	1
dream,	2
real.	1
wondering	3
corridor,	1
moonlit,	1
roar	3
raised,	6
throats,	1
"One,	1
two,	4
three,--Whee-ee!"	1
subsided,	1
when,	2
furious	2
rhythm.	1
Ah,	1
thing!	1
"Quit	2
noise!	1
midnight!"	1
band,	1
passage	1
dark;	1
yonder	1
guide.	1
twelve	4
past,	2
stumbled	1
object;	1
ere	1
"Ouch!"	1
kinds	5
gods,	1
run.	1
urged	1
leg	3
obey	1
command.	2
Growing	1
impatient,	1
hobbled	1
foot,	1
ceased	3
perfectly	3
cowards	2
challenged	3
hogs.	1
situation	4
developed	1
mess,	1
dragged	1
forced	4
apologize.	1
determination,	1
doors	1
examine	1
locked	1
pile	1
tables	1
something;	1
persistent	1
unyielding.	1
northside,	1
locked.	1
attempt	9
door-opening	1
whooping	1
rhythmic	1
ends	1
goose	1
tact	1
spirit.	2
wholly	1
mercy	2
swaying	1
circumstances	3
Nevertheless,	2
underdog.	1
reflect	2
dignity.	2
mortifying	2
Tokyo-kid	2
tenacity.	2
record	2
guyed	1
spawn	1
impudence	1
them,--this	1
indelible	1
disgrace	3
Mark	1
ye,--I	1
descendant	1
samurai	4
"hatamato"	1
blood	1
"hatamoto"	1
traced	2
Mitsunaka	2
Tada,	1
claim	2
nobler	2
ancestor.	1
than,	1
manure-smelling	1
louts.	1
tact;	1
case.	2
throw	1
sponge;	1
life!	1
honest.	2
Just	7
think,--if	1
win,	1
world	4
win?	1
tomorrow;	1
tomorrow,	4
tomorrow.	3
sit	6
meals	2
resolved,	1
squatted	2
waited	2
dawn.	1
Myriads	1
mosquitoes	2
swarmed	1
ago;	1
bespattered	1
greasy.	1
bleeding.	1
Let	1
bleed	1
cares!	1
Meanwhile,	1
exhausted	1
unwonted	1
asleep.	1
awoke,	1
curse.	1
opened,	1
senses	1
drowsy	1
lull,	1
nearest	2
might.	1
prone.	1
you're	11
now!	1
confused;	1
vigorous	2
shaking	2
bewildering	1
eyes.	6
"Come	2
room."	1
Evidently	1
mollycoddles,	1
obeyed	1
murmur.	1
clear.	1
questioning	2
but,--you	1
pound	2
leopard's	1
spots	2
try,--they	1
determined	4
push	1
declaration	2
"not	1
guilty,"	1
confess.	1
down,	3
congregating	1
swollen	5
"Blooming	1
faces	5
yourselves	1
men!	1
Go,	1
wash	2
I've	5
you."	3
hurled	1
back-talking	1
suddenly	10
reporting	1
weak-knee	2
trifling	3
brief	2
"Attend	1
usual	3
notice.	1
Hurry	1
breakfast;	1
left."	1
Decidedly	1
handling,	1
expel	1
accords	1
luke-warm	1
"fresh"	2
"guying"	1
nerves,	2
replied:	1
"No,	14
Sir,	5
Such	2
happen	3
disturb	1
breathe.	1
teaching.	1
rebate	1
swollen.	1
heavy.	1
Besides,	4
itched	1
over.	7
stung	1
hearts'	1
content.	1
added:	1
"My	1
swollen,	1
right;	1
teach;"	1
scratching	1
warmth.	1
smiled	4
remarked,	2
"Well,	16
strength."	1
intend	3
compliment,	1
think,	5
sneer.	1
V.	1
"Won't	1
fishing?"	1
talks	3
womanish	1
college	2
graduate?	1
man-like	1
physics	1
shame	1
B.A.	1
squeak.	1
smallest	1
enthusiasm,	1
impolite	1
fishing.	5
gibels	1
boy,	1
pond	2
Koume,	1
carp	1
inches	1
festival	2
Bishamon	1
Kagurazaka;--the	1
carp,	1
water,	7
splashed	1
mortified	1
stuck	6
chin	2
"ho,	1
ho."	1
person?	1
"Then	10
acquainted	4
game,"	1
cried.	2
like."	2
highly	4
elated.	2
me!	3
cruel	1
hearts.	2
Otherwise,	1
pleasure	5
murdering	1
creatures.	1
Surely,	1
fish	16
birds	1
prefer	2
killed.	1
Except	3
calling,	1
nonsense	4
seek	2
lives	2
birds.	1
B.	2
A.	1
talking,	2
mum,	1
argument.	1
mistook	1
silence	1
surrender,	1
induce	1
join	2
busy,	1
Yoshikawa	2
lonesome	1
alone.	1
Clown.	14
Clown,	13
visitor	3
Shirt,	21
wherever	2
went,	2
Clown	59
trailing	1
master	1
teachers.	2
shadow,	1
invite	4
brusque,	1
unaesthetic	1
fellow,--was	1
Probably,	1
vain	1
ability,	2
desired	1
skill,	1
aimed	1
mark,	2
intention,	1
chagrined	1
fishes	1
tunnies.	1
art,	1
hook	1
line.	6
invitation,	1
suspect	2
refused	2
skill	2
invitation.	1
joined	1
station,	2
boatman	6
row;	1
rods	2
rods?	1
it?"	8
professional	1
fisherman	1
needed	1
deep-sea	1
fishing,	2
lines.	1
slowly,	1
wonderful.	1
sea,	2
shore	2
minimized,	1
fading	1
distance.	1
five-storied	1
pagoda	1
Tosho	1
Temple	1
surrounding	1
woods	1
needle-point.	1
Yonder	1
Aoshima	2
(Blue	1
Island).	1
island	3
closer	2
view	2
pine	6
trees.	2
intently	4
surveying	1
fine.	4
termed	1
"an	1
view."	1
absolute,	1
exhilarating	1
air.	3
tonic	1
fresh	3
breeze	2
expanse	1
water.	5
"Look	1
pine;	1
trunk	2
spreads	1
branches	1
umbrella.	1
Isn't	6
Turnersque	1
picture?"	1
Shirt.	31
Turner's,"	1
responded	2
curves	1
elegant?	1
Exactly	1
Turner,"	1
pride.	2
Turner	2
silent.	1
tempt	1
sea.	3
pleasant	1
occasion	3
wished,	1
land	3
island,	1
objected,	1
advisable	1
while.	1
unlooked-for	1
proposal	2
Island.	1
good;	1
hereafter,"	1
seconded	2
"We,"	1
"By	3
look,"	1
"if	1
Madonna	18
Raphael	1
rock?	1
picture."	1
"Let's	4
Madonna,	4
ho,	2
ho,"	1
emitted	1
spooky	1
Nobody's	1
around,"	1
significantly,	1
devilishly.	1
sickened.	1
kodanna	1
(young	1
master),	1
pose	2
feign	1
assurance	1
subject	2
claims	1
Yedo	16
kid.	3
favorite	5
geisha	14
gazing	3
tootsy-wootsy	1
tree.	3
oil	1
painting	1
exhibit	1
public.	2
place."	2
stopped	6
anchor.	1
fathoms.	1
"Hard	1
sea-breams	1
fathoms,"	1
sport	1
bream.	1
Bravo!	1
calm,"	1
fawningly	1
lead	2
weight.	1
float.	2
float	2
reasonable	4
measure	1
heat	1
thermometer,	1
impossible	1
start,	1
use,	1
"To	2
shows	3
novice,"	1
piped	1
"See?	1
touches	1
bottom,	2
finger	2
edge.	1
bites,	1
goes,"	1
got,	1
fish,	2
bait	1
gone.	1
Ha,	2
you,	12
Gov'nur!	1
"Wasn't	1
bad!	1
miss	2
sharper	1
it's	6
float,	1
it?	4
bike	1
brake."	1
gay,	1
tempted	1
swat	1
leased	1
obliging	1
bonito	1
toyed	1
carelessly.	1
successive	1
jerks.	1
fish.	3
Unless	2
living,	1
tremulous	1
shaking.	1
Good!	2
line,	3
jibed	1
"What?	1
Caught	1
Very	2
remarkable,	1
indeed!"	2
gold	4
stripes	1
left.	4
interesting.	2
wriggled	1
effort,	2
detach	2
hook,	1
hands	8
greasy	1
pleasing.	1
irritated;	1
swung	1
bottom	1
boat.	2
died.	1
watched	1
"fishy."	1
get,	1
grab	1
presume	2
either.	4
"Splendid	1
honor,	5
goruki,"	1
remark.	1
"Goruki	1
sounds	4
Russian	7
literator,"	2
Gorky	2
literator,	1
Maruki	1
photographer	1
Shibaku,	1
komeno-naruki	1
(rice)	1
life-giver,	1
marshalling	1
foreigners.	1
Everybody	3
specialty.	1
shariki	1
(rikishaman).	1
considerate.	1
wants	3
mention	6
names	3
"Autobiography	1
Ben	1
Franklin,"	1
"Pushing	1
Front,"	1
entitled	1
Literature	1
poring	2
reverence.	1
supply	1
magazine.	1
say!	1
fished	1
assiduously	1
within	10
goruki;	1
sea-bream	1
bumper	1
crop	1
literature,"	1
skilled	2
goruki,	1
else."	1
small-sized	1
goruki	3
tastes	1
fit	2
eating,	2
fertilising.	1
fertilisers	2
vim	1
vigor.	1
sky.	2
dandy	3
whispering.	1
sky	1
picturesque	2
joyous	1
be.	7
company	2
wrinkled	1
ashamed	6
likes,	1
Victoria	1
yacht,	1
shadow.	1
fawn	1
jeer	1
kids	4
flippant.	2
declare	3
kid,"	1
decide	2
flippant	3
suppressed	1
laughter.	2
something,	5
about.	3
"Eh?	1
know......"	1
"......	5
That's	6
......	15
pity,	1
......."	1
"Can	1
be......."	1
"With	2
fact."	1
listen	3
"grasshoppers,"	2
cocked	1
ear	2
instinctively.	1
emphasized,	1
"grasshopers"	1
reach	1
plainly,	1
blurred	1
rest	4
purpose.	3
move,	2
listening.	1
"That	14
Hotta,"	1
"that	3
case...."	1
"Tempura	1
ha	1
......"	4
incited	6
also?	1
choppy,	1
"dango,"	1
talk,	1
louder.	1
discuss	2
secret,	2
me?	1
damnable	1
blokes!	1
glass-stoppers,	1
wrong;	1
quiet	5
save	1
principle	2
unnecessary	1
criticisms;	1
paint-brushes	1
concerns	1
settle	2
toes.	1
"the	1
Hotta"	1
bit.	1
Hotta	6
extend	2
circle	1
blue	1
sky,	2
sunlight	1
gradually	1
waned	1
chilly	1
winds	1
stirring.	1
clouds	1
resembled	2
streaky	1
smokes	1
joss	1
sticks	1
slowly	3
extending	1
degrees	2
absorbed,	1
melted	2
changed	6
fog.	2
let's	2
suddenly.	2
going.	3
to-night?"	2
trouble,"	1
reclining	1
raising	1
hears.......,"	1
glared	1
dazzling	1
some,"	2
shrugged	1
shoulders	1
scratched	1
shore-ward	1
fishing,"	1
I'd	4
lying	5
sky,"	1
answered,	3
stub	1
cigarette	2
smoking	2
water;	1
sizzled	1
floated	2
waves	1
oar.	1
come.	3
best."	1
alien	1
are,"	1
"Yes;	1
flattery.	1
Yoshikawa?"	2
it,"	2
unctuous	1
Strange	3
itching	1
"But,	1
danger,"	1
warned	3
dangers,"	1
replied.	1
fact,	5
dormitory	6
cuts	1
Really,	1
considering	5
mistake	2
friend.	1
mighty	2
kids,	1
other."	1
human.	1
hang	2
"And	3
come,	3
circumstances,"	1
continued	3
patient	1
present,	1
hurt	1
interests."	1
'many	1
circumstances';	1
"They're	1
complicated.	1
they'll	2
by.	3
You'll	2
naturally	2
they're	5
complicated;	1
cleared	1
jiffy.	1
by-the-bye.	2
them,"	1
bother,	1
sprang	1
subject."	1
irresponsible	2
concluding	1
started.	1
offense,	1
experience.	1
complicated	1
simple".	1
simple,	1
go?"	1
experience........"	1
record-sheet,	1
23	1
months."	1
you'd	3
quarter."	1
"Certainly	1
afraid,	1
sharp;	1
predecessor	2
done."	1
quiet,	2
stern	1
boatman.	1
smoothly.	1
done?"	1
point	4
name,	1
honor	6
fix	2
fail.	1
Keep	2
sharp	5
look-out,	2
please."	2
watchful	1
wrong,	6
remember	2
provocative	1
minute,	2
conviction	1
consider	10
situation,	1
appears	8
majority	1
encouraging	2
bad.	3
succeed.	2
pure,	1
sneer	1
Darling"	1
"kiddy."	1
ethics	1
children	2
lie	2
gentle	3
trick	4
distrusting	1
pupils	1
others.	4
taught	1
well.	1
simplicity.	1
word!	1
simple-hearted	3
contempt!	1
time;	1
profound	1
superior	2
"Of	5
that't	1
watch,--the	1
off-hand,	1
you......	1
Getting	1
cold.	2
autumn,	1
beach	4
looks	5
beer-color	1
view.	2
Say,	5
Yoshikawa,	2
beach?......"	1
"Indeed,	1
sketch	1
Seems	1
there,"	1
Minato-ya,	1
sand.	2
early,"	1
courtesied	2
boat;	1
whoop!	1
beach.	2
VI.	1
heartily	3
despise	2
Japan	1
tied	2
quernstone	1
suppresses	1
tones	1
airs	2
assume	4
genteel	1
airs,	1
type	1
falls	1
perhaps	4
definitely,	1
look-out	2
crooked.	1
man.	5
discharge	4
backbone	1
Arts!	1
cautious	1
whisper,	1
mollycoddles	1
kindness	2
another,	4
disregard	1
friend	6
crooked,--how	1
absurd!	1
directions	1
holds	1
dangerous	1
degrees,	1
fires	1
frozen	1
custard	1
pudding	1
petrified.	1
believable	1
incite	1
wishes	1
Instead	3
roundabout	1
saved	1
fight.	1
resign	6
says	8
reasonable,	1
bread	1
butter;	1
die	3
homeless	1
go.	5
sport.	1
ice	5
affects	1
honor.	1
glass	1
sen	18
half.	2
sen,	1
peace	1
accept	7
favor	3
swindler.	1
borrowed	3
pay,	2
means.	2
fulfill	1
cold	3
stranger	1
doubting	2
heart	5
traducing	1
mind.	4
lightly,	1
myself.	4
compared,	1
tea,	1
another's	1
good-will,	1
par	1
value,	1
fellow.	4
chipping	1
share,	2
account,	2
munificence	1
grateful	3
acknowledgment	3
purchase.	1
title	1
official	4
kowtow	1
million	2
half,	3
gratitude	1
costly	1
thankful	1
outrageous	1
plan	2
back!	1
sleepy	1
log.	1
mind,	2
earlier	1
considerable	3
"Confucius"	1
desk	5
coppers	1
grasped	1
sweaty,	1
wet.	1
wet	1
coins	3
given	7
desk,	5
blowing	2
detain	1
yesterday,	3
annoyed.	1
annoyed	1
elbows	1
sauce-pan-like	1
nose,	1
yesterday	3
haven't	7
anybody,	2
nervous	1
feminish	1
mood	1
gag	1
Shirt!	1
"Porcupine,"	1
pointers	1
wise	1
objective	1
requested	9
gaff!--it	1
irresponsibility	1
thick	1
between	11
flying.	1
vindicate	1
shirts.	2
divulged	1
secret	2
perturbed,	2
stuttered	1
plainly	2
Hotta.......	1
scrimmage	1
embarrassed."	1
outlandish	2
trouble?	1
Of	3
course	4
perspiring,	1
begged	3
mere	2
reference	2
assured	1
"this	2
robs	1
shy,	1
sure?"	1
repeated	2
limit	2
womanishness.	1
typical	1
Bachelors	1
Arts,	1
composed	1
self-contradictory	1
logic,	1
suspects	1
sincerity.	1
mistake,"	1
marrow,	1
breaking	1
promises;	1
that!"	3
occupants	1
desks	3
sides	5
withdrew	4
desk.	1
walk.	1
stepping	1
sound.	1
satisfactory	3
vanity.	1
training	1
burglar,	1
suppose.	1
attend	3
desks,	1
price	2
josh	1
me,"	4
laughing,	1
flung	1
fooling."	1
fooling;	1
treat,	1
suddenly?"	1
me."	9
coldly	1
ejaculated	1
"H'm."	1
cowardice	1
promised	3
reveal	1
nothing.	2
deuce	1
"H'm"	1
anger.	1
house."	2
"Take	1
coin;	1
not,--that's	1
pleasure."	1
pleasure.	1
reasonable.	1
details	2
everything."	2
snap	2
damn	2
pleased	5
deciding	3
yourself!	1
hear,"	1
tough	1
nuisance	2
maid,	1
you've	2
four-flusher	1
wipe	2
feet."	1
feet?"	1
asked.	4
anyway	2
sore	2
roll	1
panel-picture."	1
chap!	1
boarder	1
then!"	1
why.	2
"Sure,	1
will.	2
Who'd	1
knees.	2
You're	4
insolent	2
induced	2
false	4
accuser	1
tough."	1
hot-tempered	1
am,	1
spoke	7
happened,	4
craned	1
necks.	1
conscious	1
around.	2
laughing	3
amused.	1
glaring	2
stare	1
fight?"	1
grave	3
serious.	1
cowed.	1
heard,	2
afternoon,	2
offended	1
life,	2
ignorant	1
gathered	1
opinions	2
compromise	2
delivered	1
side.	1
waste	1
guilt	1
plain	5
facts.	1
case;	1
decision.	1
principals	1
synonym	1
"dilly-dally."	1
hall	4
dining	1
chairs,	1
leather	1
seat,	3
table,	1
restaurant	3
Kanda.	1
shifted	1
themselves,	3
gymnasium	1
seat	3
farthest	1
modesty.	1
history	8
Confucius.	1
Across	1
Think	1
degrading	2
type.	2
charming,	1
reception	1
Yogen	2
funeral	1
creature	2
Idaten.	1
To-day	2
sore,	2
stared	8
rolling.	1
bulldoze	1
that,"	1
defiance	1
well-shaped	1
seldom	1
beaten	2
actor	1
here?"	1
Kawamura	1
more,"	1
clerk,	2
be;	1
Squash	30
affinity	1
attracts	1
first;	1
street,	2
manners	2
recalled	1
pale-face	1
bath,	3
hallooed	1
raise	12
trembling	1
he.	1
seldom,	1
ever,	1
talks.	1
"gentleman"	1
dictionary,	1
alive.	1
Squash,	11
represented	1
substance.	1
attached	2
hall.	1
absentee	1
shortly,	1
untied	1
package	2
hectograph	2
sheets	2
reading	7
polishing	3
amber	3
pipe	3
silk	2
handkerchief.	2
hobby,	1
Others	2
whispered	2
neighbors.	1
nothings	1
erasers	1
pencils.	1
responsive.	2
"Ahm,"	1
wrathful	1
ferocity.	1
tardy	1
apologetically	1
entered,	1
politely	2
explained	4
unavoidably	1
detained.	1
order,"	1
Badger.	4
printed,	1
offending	1
superintending	1
matters.	1
incarnation	1
education,	1
"Any	1
misdeeds	1
faults	2
virtues	1
inwardly	1
Unfortunately	1
helped;	1
other.	1
facts	1
know,	4
gentlemen	4
state	11
speak,	1
indeed	6
"grand."	1
willing	1
responsibilities,	1
virtues,	2
punishing	2
holding	5
meeting.	2
doer	1
I.	4
peach	1
damfool	1
swipes	1
people's	1
"these	1
mine?"	1
stunt	3
illogical	1
statement,	1
mouth.	2
crow	1
hopped	1
nearby	1
Confucius	3
folding	1
unfolding	1
sheet.	1
absent	1
nap	1
irritated,	1
intending	1
convincing	1
speech,	3
stopped.	1
pipe,	2
wiping	2
striped	1
copped	1
handkerchief	1
Madonna;	1
men	6
linen.	1
said:	3
affairs	1
dormitory,	1
discipline	1
influence.	2
takes	6
underlying	1
somewhere.	1
Looking	4
itself,	2
facts,	3
resting	1
School.	2
Therefore,	1
affect	5
badly	1
administer	4
severe	1
strength	3
shown	2
surface.	1
youngsters,	1
vigor,	2
half-consciously	1
commit	2
youthful	2
pranks,	1
mode	1
ask,	1
points,	1
leniency	2
students."	2
declares	1
"Rough	1
Necks"	1
grateful,	1
indeed.	3
shovel	1
campus	1
wrestle	1
heads	4
unconsciously!	1
stab	2
asleep,	1
freed	1
deed	1
unconsciously.	1
figured	1
wise,	1
views	3
matter,	4
eloquent	2
speech	4
breath.	1
affection	1
windpipe	1
clog	1
excited.	2
personality,	1
speech-making,	2
awkwardness.	1
composition	1
mentally	1
sentence,	2
surprise,	1
unusual	2
opinion.	1
tone:	2
"Really	1
whoop-la	1
happenings	1
strive	1
proper.	1
opinions.	1
wish	8
moderate."	1
meaning.	1
juxtaposition	2
high-flown	1
words,	1
opinions."	1
Clown's	1
angered,	1
rose	2
completing	1
opposed	1
to......."	1
".......I	1
topsy-turvy	1
settlement,"	1
laughing.	1
beginning.	1
.......	2
guy	4
comer......."	1
whined	1
weak	3
opinion,	2
punish	2
severely,	1
reaction	2
moderate	2
side,	3
suggested."	1
expressed	2
agreement	9
endorse	2
Dash	1
weak-knees!	1
belonged	1
coterie	1
resign,	5
prevailed,	1
out-talking	1
had,	1
humor	1
rest.	3
laugh;	1
shut	2
tight.	1
listening	1
please.	1
voice:	1
differ	1
gentlemen.	1
Because,	1
viewed	1
angle,	2
fool	7
trace	2
himself,	3
begging	1
pardon,	1
mistaken.	3
arrival,	1
contact	4
criticise	1
knowledges	1
insulted	1
deserved	4
insult,	1
reasons	1
frivolous	2
insult	1
cause,	1
dignity	4
imparting	1
knowledges,	1
honest,	2
ennobling	1
samurai-like	1
eliminating	1
evil	2
tendency	1
vulgarity	1
roughness.	1
satisfy	2
ourselves	1
make-shifts,	1
atmosphere[G].	1
eradicate	1
evil.	1
countenance	1
positions	1
reasons,	1
fullest	2
open."	1
pipe.	1
forgot	5
bickerings	1
add.	1
misconduct	1
advantage	1
sole	1
charge	7
springs.	3
behavior	2
thing;	1
responsible	1
matter."	1
fellow!	2
backed	1
custom,	1
seriously.	1
pointed	2
apologize."	1
boobs!	1
opinions,	1
deem	1
punishment.	2
week's	1
confinement,	1
apologized,	1
resulted	2
bigger	3
worse	4
affair,	3
directed	2
rightly	1
step,	1
patronize,	1
shops	2
edibles	2
drinks	1
served,	1
excepting,	1
farewell	17
party	8
gatherings.	1
singly	1
kind--for	1
instance,	2
noodle-house	2
shop....	1
eyes,	1
silence.	2
"think	1
box"	1
patronizes	1
shop,	2
bear-like	1
appetite	1
specified	3
dango.	3
proclaim	1
hobby.	1
"Teachers	1
belong	2
material	3
pleasures	1
character.	1
intolerable	1
ourselves,	1
products,	1
composing	1
poems,	1
haiku	2
(17-syllable	1
poem).	1
mental	8
consolation	5
higher	1
order."	1
prospect	3
literature,	1
tree,	2
dempura	1
dwelling	1
consolations,	1
exasperated	1
Madonna?"	1
faces,	1
apparently	3
embarrassed.	1
that!	1
remark,	3
paler.	1
VII.	1
packing	2
treated.	1
correct	1
anything.	2
world!	1
crazy.	1
fellow;	1
walking.	1
avoid	1
hunting	1
renew	1
hunt	1
idea.	1
strike	3
"boarders	1
taken"	1
similar,	1
Heaven.	1
Kajimachi.	1
former	2
quarters	1
occurred	1
respected	1
grandfather.	1
informed	2
help,	2
Fortunately,	1
knocked	2
his,	1
fashioned	2
paper-lantern	1
door.	2
young	6
women,	2
aged	2
solicitous.	1
lady,	2
well-refined,	1
resembled.	1
circumstances,	1
boarder.	1
mood,	1
couple	2
Hagino,	1
sometime	1
boarders	1
vacant	1
were.	1
Haginos.	2
occupying.	1
Well	1
sorts	1
tricks	1
crooks	2
been,	1
sickening.	1
brace	1
level.	1
alive	2
spoils	1
pockets.	1
myself,--healthy	1
am,--would	1
inexcusable	2
ancestors	2
delivery	1
route	1
hundred	3
capital,	1
useless	1
School	3
Physics.	1
distance	3
separated	1
appreciated	1
good-natured	1
noble	1
natured	1
suffering	2
now?	1
anxious	2
answer,	2
lady	19
no.	4
formerly	2
unlike	1
Ikagin	5
couple,	1
refined.	1
recital	1
"utai"	2
frequent	2
"let	1
things.	4
reminding	1
Saying	1
"it	3
married	4
four"	1
beginning,	1
recited	1
twenty,	1
So-and-So	1
marshalled	1
dozen	1
examples,--quite	1
theory.	1
marred	1
four,	1
"Really?	1
bet!	1
married."	1
young."	1
knocker;	1
Madam	3
already.	2
eyes."	1
"How?	2
Aren't	1
there's	2
Tokyo?"	2
Jupiter!	1
me!"	2
"Hit	1
I?"	2
have."	1
girls	3
careful."	2
"Do	1
behaving	1
badly?"	1
right."	3
safe.	1
careful?"	1
"Yours	1
Though	1
yours	1
right......."	1
right?"	4
daughter	1
Toyamas?	1
not."	1
yet?	1
beautiful	5
Madonna.	3
that?	2
"Ah,	2
Madonna!	1
geisha."	1
girl,	2
surprised."	1
"Probably	1
drawing."	1
"Was	1
Clown?"	1
Professor	8
Yoshikawa."	2
Madonna-san	1
bore!	2
nicknames	2
"Exactly.	1
awful	1
O-Matsu	1
Ohyaku	1
Dakki.	1
"Does	1
ring?"	1
Madonna-san,	1
engaged	2
Koga,--who	1
here,--yes,	1
him."	3
strange!	1
gallantry.	1
Koga	13
year,--up	1
shares	1
bank	1
off,--but	1
grown	3
worse,	1
presume.	1
wedding	1
delayed	3
heels	2
her."	1
"Red	2
Shirt?	2
hanged.	1
Well?"	1
marriage	1
go-between,	1
Toyamas	3
definite	1
Kogas.	1
replied	2
Shirt-san	7
won	3
Miss.	1
bad,	3
Miss	3
Toyama;	1
agreed	5
Arts	3
courting	1
her,--why,	1
offense	1
God	1
To-day."	1
after;	1
end."	2
"So	1
Hotta-san	5
Koga-san,	2
remonstrate	1
another.	1
engagement	2
broken,	1
Toyamas.	1
couldn't	2
returned.	1
terms."	1
details?	1
impressed."	1
Yes,	2
cares.	1
knows	4
affairs.	1
pot	1
peas	1
rattle!	1
puzzled	1
uncertainty	1
white.	2
fellow?"	1
Sir?"	4
"Porcupine	1
Hotta."	1
strong,	3
goes,	4
ability.	2
gentle,	3
gentleness	1
popular	2
"After	2
better?"	1
greater,	1
suppose?"	1
talk.	1
beaming	2
smile,	1
"Here	1
retransmission	1
slips,	1
Iagins,	1
week;	1
letter.	1
Master	9
pardon.	1
well-used	1
poorly	6
Darling	4
special	1
pains	2
copy.	1
copy,	5
read,	2
introductory	1
read.	1
syllables	1
racked	1
brain	4
began.	1
quick-tempered	1
refuse	2
unintelligible	1
seriously	3
through.	1
mostly	3
untangling	1
sentences;	1
harder	3
it;	1
porch	1
carefully.	1
wafted	1
banana	1
trees,	1
bathed	2
cool	1
air,	1
rustled	1
hedge	1
reading.	1
split	1
"only	1
explosive.	1
worries	1
brand	1
enemies	1
them;	2
carelessly;	1
coin	1
ones,	1
countryfolk	1
careful	3
Your	1
length	2
Tipping	1
afterward?	1
Money	1
depend	2
economize	1
rainy	1
sending	5
postal	1
order.	1
deposited	1
Postal	1
Savings	1
housekeeping	2
ten,	1
left,--quite	1
safe."	1
flapping	2
porch,	2
sliding	1
partition	1
"Still	1
letter?	1
Must	2
imagine,"	1
important	4
wind	3
about,"	1
replied--the	1
reply	2
myself,--and	1
dish	2
sweet	12
potatoes	6
considerate	2
refined	1
Ikagins,	1
grub	1
drawback.	1
potato	1
True,	1
potatoes,	2
fed	1
insistency,	1
dear	3
world.	3
Squash;	1
Sweet	1
Potato	1
sliced	3
tunny	2
kamaboko,	1
tight,	1
samurai.	1
tempura,	1
dango,	2
feeding	1
Zen	1
sect	1
enjoying	2
feed.	1
cleaned	1
raw	4
eggs	7
drawer	1
bowl,	1
tide	1
nourishment	1
week?	1
everyday.	1
minutes	4
bench,	1
sympathy	2
ever.	1
reserve	2
pathetic.	1
pathetic;	1
doubled,	1
marry	2
Toyama	1
send	2
trip.	1
Seeing	1
therefore,	1
motioned	1
beside	4
addressing	1
cheerfully:	1
"Hello[H],	1
bath?	2
here."	4
awe-struck,	1
reluctance	1
what,	1
standing.	1
starts;	1
down;	1
you'll	1
tired,"	1
"Thank	3
fresh,	2
butts	1
wanted;	1
swaggers	1
"Japan	1
self-satisfied	1
belief	1
wholesaler	1
gallantry	2
cosmetics.	1
Or	2
say;	1
'Education'	1
frockcoat,	1
bravado,	1
resigned,	1
doll	1
ransom.	1
cast	2
preference	2
beyond	1
understanding.	2
Put	1
dozens	1
together,	5
husband	2
Squash.	3
you?	2
fatigued,"	1
ailments......."	1
Poor	1
worst	1
get."	1
strong."	1
girlish	1
entrance,	3
incidentally	2
"peach."	1
tall,	1
white-skinned,	1
"high-collared"	1
forty-five	1
six,	1
window.	1
describing	2
belle,	2
repeat	1
asserting	1
beautiful.	2
warmed	1
ball	2
perfume	1
shorter,	1
younger,	1
daughter.	1
beauty.	1
startled	5
courtesying	1
window,	4
clock	4
minutes.	1
partner,	1
longed	2
rushed	3
clothes,	2
loosely	1
silk-crepe	1
girdle,	1
wound	3
chain.	1
chain	1
stuffed.	1
thinks	2
wise.	1
bowing	1
cat's	1
hallooed.	1
missing	1
hurried	1
Wonder	1
cane,	2
steadily	3
occasionally	1
glance	1
younger	6
profile	1
Surely	1
shrill	1
passengers	1
hastened	2
board.	1
brag	1
Sumida;	1
ticket.	1
close,	1
expenditure	1
extra	2
Following	1
regularly	1
rides	2
hesitating,	1
coming,	2
decisive	1
second.	1
him--I	1
why--and	1
coach.	1
bathing	1
gown,	1
throat	2
clogged	1
gathering,	2
talkative;	1
pathetic	1
compassion	1
console	1
"eh?"	1
"umh,"	1
evident	1
effort.	2
conversation.	1
necessarily	5
bright	1
moon.	1
willow	2
trees	3
shadows	2
road.	1
stroll,	1
north,	1
sees	1
Opposite	1
stands	2
approach	2
curtains.	1
unheard-of	1
phenomenon.	1
fear	2
lattice	1
windows	1
curtain	1
gate,	1
lantern	1
signs	1
meats	1
hungered	1
bite	1
forbearing.	1
tragic.	2
betrothed	1
should,	1
complain	1
Really	1
unreliable	1
likely	5
stony-hearted	1
cold-blooded	1
Koga-san	12
pumpkin	1
gentleman	1
core,--that's	1
look-out.	1
candid	1
agitator,	1
summary	1
snobbish	1
unexpectedly	1
warns	1
denies,	1
schemed	1
broken.	1
enters	1
Viewed	1
unreliable.	1
surprise	2
Hakone	2
freaks	1
together.[7]	1
7:	1
An	1
apparitions	1
freaks.]	1
minding	1
begun	4
uneasily.	1
older.	1
"good	1
by"	1
spot	3
various	2
bridge	1
levy	5
Nozeri	5
river.	1
river	2
big;	1
shallow	2
stream	2
wide.	2
blocks,	1
reaches	1
Aioi	2
Kwanon.	1
lights	1
gleaming	1
amid	1
moon	6
beams.	1
drum	5
tenderloin.	1
whispering	2
incessantly.	1
leisurely	2
bank,	1
perceived	1
shadow	1
ahead.	1
Through	1
moon,	1
shadows.	2
sing,	2
exceptionally	1
faster	1
they.	1
larger.	1
neared	1
footsteps,	1
shining	1
resumed	1
chased	1
speed.	2
party,	1
unconscious,	2
slowly.	1
distinctly.	1
wide,	1
allow	2
abreast.	1
generously	1
uttered	1
"ah,"	1
sideway,	1
back."	2
Was	1
hush	2
pretending	1
ignorance,	1
nerve?	1
suffered	2
consequence	1
VIII.	1
latter	1
Ikagin's	1
pretexts,	1
unpleasant	2
meeting,	3
expectation,	1
regulations,	1
queer.	1
volunteering	1
meddling	1
clapped	3
hoorayed	1
wrong-doer	1
instilled	1
flimsy	1
hearsay	1
plausibly	1
roundabout-way.	1
juncture	1
river,	3
scoundrel.	1
scoundrel	1
deserves	2
confidence	3
bamboo.	1
refined,	1
pride	1
sharp,	1
scrap	1
games	2
wrestling	2
matches	1
Wrestling	1
Amphitheatre	1
branded	2
spiteful	1
guy,	3
feline	1
clam	1
spoken	1
barrier	1
two.	1
cursed	1
Later	1
estranged,	1
friendly	3
associated	8
accidental	1
literature	2
piqued,	1
night,"	1
Do	4
day?	1
late?"	1
too,	1
bath."	1
dark.	1
Didn't	1
actually	2
tells	4
lies.	3
fashion,	2
Chancellor	1
university.	1
less.	2
trust,	1
silent	3
Funny	1
missed	1
trip	1
4	2
single,	1
rent,	1
nine	4
glad.	1
bell.	1
lessons	1
algebra	1
work,	8
"migratory	1
bird"	1
wicked	1
boys.	1
Smoking	1
unsavory	1
effect:	1
"Since	2
predecessor,	1
can,	1
now......."	1
day."	1
"Meaning	1
helps	1
dangerous?"	1
baldly,	1
it.......	1
right,......	1
advice.	2
later	2
"In	1
salary?	1
salary,	7
better."	1
fortunately	1
transferred,......	1
guarantee,	1
salary."	1
transferred?"	1
now;	1
'tis	1
Announced	1
man."	1
town?"	1
is.	1
preference."	3
going?"	1
Nobeoka	9
Hiuga	2
grade	1
higher."	1
"His	1
successor	5
upon."	1
fine,	2
raised."	1
opinion.......	1
go[I]	1
mind."	1
"Going	2
increase	2
working	3
hours?"	1
"No.	1
reduced......"	1
shortened	1
more?	3
Sounds	1
funny."	1
responsibility."	1
meant.	1
senior	2
instructor	2
resigning.	1
transfer	6
inadvisable.	1
misses	1
point.	1
visit	2
sundry	1
proposing	2
dinner	13
drink	1
liquor	1
amiable	1
gentleman,	2
"haiku"[8]	1
don't,	1
by,"	1
"haiku"	1
diversion	1
Baseo[9]	1
barbershop.	1
rave	1
wooden	4
bucket	1
glory.[10]	1
8:	1
17-syllable	2
poem]	1
9:	1
famous	3
composer	1
poem.]	1
10:	1
glories	2
entwining	1
bucket.]	1
process	1
layman's	1
court	1
hardships	1
working,--both	1
anybody,--because	1
happens	1
metropolis	1
electric	1
cars	1
run,--but	1
places,	1
province?	1
connection,	1
passed.	1
mountainous	1
all-day	2
wagonette	1
Miyazaki,	1
vessel,	1
Miyazaki	1
Nobeoka.	1
commend	1
itself	2
civilized.	1
inhabited	1
monkeys	3
numbers.	1
sage-like	1
choice.	1
slant!	1
supper--"Sweet	1
again?"	2
asked,	2
tofu	1
to-night."	3
Nobeoka."	1
bad?"	1
"Too	3
bad?	1
preference?	1
Who,	1
"Who?	1
he!	1
choice?"	1
Wright,	3
Sir."	1
blustering	1
Bluff."	1
believable,	1
go."	3
"Our	2
impartial,	1
matter?"	1
morning,	1
circumstances."	1
"Told	1
circumstances?"	1
died,	2
supposed,	2
service	1
See?"	1
"Well?"	1
announcement	1
hoped	1
next.	1
salary.	2
purpose,	1
go......."	1
wasn't	1
Wasn't	3
increased	1
settled,	2
appointed	1
helped,	2
principal."	1
"Hum,	1
jolly	2
trick,	1
liking	1
there?	2
blockhead	1
mountain	1
extra."	1
blockhead,	1
Deucedly	1
underhand	1
scheme,	2
behind.	2
raise.	3
Let's	3
refusing	1
refuse?"	1
why,	3
refused.	1
fool;	1
coward."	1
coward,	1
raises	1
fuss,	1
apt	1
grouchy	1
hadn't	1
patient.	1
woman's	1
advice	1
thanks."	1
"It's	1
people."	1
singing	2
off-key	1
"Utai,"	1
purposely	2
nut	1
crack	1
tunes,	1
whereas	1
groans	1
untired.	1
fooling	3
"utai."	1
cannot,	1
Mike,	1
inconsiderate	1
skin	1
transferred	3
prefers	1
position?	1
Dazai-no-Gonnosutsu	1
farther	2
Hakata;	1
Matagoro	1
Kawai	1
[11]	1
Sagara.	1
11:	1
exile,	1
history.]	1
bell,	1
thrice	1
rouse	1
beds	1
midnight;--it	1
knows.	1
coax	1
do;	1
pair	2
matted	1
clogs,	1
"Now	1
we're	2
banzai."	1
squeaking	1
wear	1
clogs	1
worn	1
actors.	1
in;	1
enough,"	1
long."	1
boiled	1
lobster.	1
drinking	2
decline	3
offer."	1
thrusting	1
forward,	2
moment.	3
blank.	1
world,	1
combined,	1
shape.	1
preference......."	1
"Mr.	1
stay."	1
"Have	1
himself?"	1
who?"	1
Koga."	1
so?"	1
"Excuse	1
way?"	1
stuck.	1
confoundedly	1
oratorical	1
combat.	1
pushes	1
backward.	1
careless	1
good,	1
moment's	1
impulse	1
Bachelor-of-Arts	1
defend	2
frontal	1
attack,	2
grabber,	1
right,--anyway,	1
raise."	1
funnier.	1
insisting	1
declining	1
eradicated	1
explanation."	1
understand,	2
future."	1
us.	4
Supposing,	1
house......."	1
"Not	2
boss,	1
lady."	1
"Makes	1
difference,--suppose	1
true,	1
reducing	1
income	1
Nobeoka;	1
coming.	1
propose	3
surplus	1
shy.	1
promoted;	1
concerned.	1
home?"	1
stuff,	1
flourishes	1
eloquence	2
wrong,"	2
defeated,	1
prejudiced	1
kind-hearted	1
feminished.	1
kindness,	2
result,	1
glory	1
logical	1
grandiloquence,	1
out-talk	1
head-teacher-style,	1
snap.	1
shines	1
out-talked	1
very,	2
reasoning	2
graceful	1
appear,	1
win	1
authority	1
admiration,	1
loansharks,	1
police	7
officers	4
professors	1
moved	3
logic	1
Man	1
works	24
preference,	1
logic.	1
dislike	1
raise,	1
decline.	1
by."	1
solitary	1
milky	1
IX.	1
held,	1
Ikagins	1
tough,	3
crook	2
passes	3
imitation	1
originals.	1
pictures	1
character,	3
forgive	1
lengthy	1
apology.	1
word,	1
purse.	1
"Yes.	2
hazard,	1
all;	1
sooner.	1
somehow	1
shunned	2
deucedly	1
unyielding	1
sport,"	1
obstinate."	1
ensued	1
two;	2
anyway?"	1
kid."	1
neck."	2
Aizu."	1
Aizu	2
You've	1
obstinate.	1
Going	1
to-day?"	1
"Sure.	1
You?"	2
am.	1
leaves."	1
blow-out.	1
soused	1
loaded	1
want.	1
plates.	1
booze."	1
picks	1
easy.	4
characteristic	1
well."	1
care.	2
dinner,	4
something."	1
promised.	1
welled	1
burning	1
grace	1
occasion,	1
rattles	1
excited	1
spieler	1
York	1
planned	2
breath	1
employing	1
Hence	1
invitation	1
party.	1
needless	1
Telling	1
fool,	1
isn't,"	1
group	2
four-flusher,"	1
alias	1
enthusiasm.	1
disclosed	1
advance	2
hint	1
promotion	2
pished,	1
"Means	1
discharged?"	1
fired,	1
kicked	1
possessed	2
abundance	1
power.	1
refusal	1
Gov'nur	1
pleased,	1
kids."	1
Nobeoka,	2
enable	1
here,"	2
cancelled,	1
bitterly	1
condemned	1
good-natured.	1
flatly	1
pretext	1
transfer,	1
fooled	1
oily	1
tongue	2
outright,	1
tearful	1
unavailing.	1
cop	1
away."	1
nasty	1
tricks.	1
sonovagun	1
finds	1
excuses	2
thumping	1
effective	2
plump	1
arms	3
spoke.	1
jiujitsu,	1
powerful.	1
forearm,	1
swelled	1
muscle	2
pumic	1
bathhouse.	1
deeply	3
knock	4
bunch.	2
course,"	1
extended	1
lumpy	2
amusing.	1
statement	1
muscle,	1
bends	1
force,	1
paper-string	1
twice.	1
paper-string,	1
can't,"	1
"See	1
can."	1
failed,	1
try.	1
drunk	1
to-night	1
fall	2
eh?"	2
fun.	2
guess."	1
"Besides,	2
blame	1
discretely.	1
wiser	1
sky-high.	1
jumpy,	1
throat,	1
speak.	2
disease.	1
presence	1
people?	1
awkward,	1
suppose,"	1
awkward	1
think.	1
arrived,	1
Kashin-tei	1
restaurant,	1
residence	2
chief	3
retainer	2
daimyo	1
condition	5
confirm	1
story.	6
transformed	1
saucepan	1
warrior's	1
armor.	1
guests	1
present.	1
groups	1
harmony	1
magnificence,	1
large.	1
fifteen-mat	1
occupied	1
alcove,	1
seto-ware	4
vase,	1
painted	1
designs,	1
twigs,	1
withering	1
economical.	1
vase	1
made.	1
imari.	1
imari	1
seto-ware?	1
audibly,	1
Seto.	1
china	1
seto-wares.	1
center	3
letters,	1
written;	1
enquired	2
apparent	1
Kaioku	3
artist	1
writing,	1
Kawamura,	1
seated.	1
chose	1
pillar	2
lean	1
dress.	3
similarly	2
dressed,	1
guest	2
suit,	1
culture	3
rags	1
trained	1
trays	1
bottles	2
manager	1
address.	1
addresses,	2
ideal	2
expressing	1
regret,	1
concluded	1
earnest	1
convenience.	1
dinner.	3
Particularly,	1
praised	1
Hubard	1
lavish	1
terms.	1
Moreover,	1
listens	1
misled.	1
trick.	1
uttering	2
buncomb,	1
"snooked"	1
rejoiced,	1
hands.	2
blushed	2
little.	1
gentlemen,"	2
"particularly	1
sincere	1
regret	1
Koga's	1
transfer.	1
earliest	1
out-of-the-way,	1
inconveniences,	1
customs	1
untainted,	1
characteristics	1
high-collared	5
threadbare	1
remarks,	2
smooth	2
entraps	2
enthusiastic	3
welcome	2
concluding,	1
qualified	1
form	4
date	3
unchaste	1
sassy	1
wench	1
a'hum,	1
a'hum!"	1
coughed	1
significantly	1
clapping	1
attention,	1
refrained.	1
arose	1
furthest	1
bowed	1
respectful	1
compliments	1
way;	2
"On	1
convenience,	1
appreciate	1
honored	1
magnificent	2
dinner.......	1
addresses	1
fondest	1
recollection.......	1
list	1
bowing,	1
seat.	1
"good-naturedness"	1
thanked	1
formal,	1
cut-and-dried	1
either;	1
faces.	1
sizzling	1
soup	1
soup.	1
kamaboko	1
kuchitori	1
dish,	1
snow	1
grayish,	1
cooked	2
chikuwa.	1
pieces	1
chopped	1
tunny.	1
ravenous	1
appetite.	1
tasted,	1
guess,	1
"jacked	1
up."	2
proceeded	1
submissively	1
health.	3
beastly	1
guests,	1
job,	3
health,	1
abandoned	1
squatting	1
posture	1
going?	1
beach,"	1
busy,"	1
declined.	1
decline,	1
rousing	1
send-off.	1
Within	1
lively.	1
"Hey,	4
hic;	1
ain't	1
goin',	1
hic,	1
pickled	1
scene.	1
dim	1
star	2
came.	1
speech?	1
grand,	1
though!"	1
elated	1
99	1
cent,	2
"What's	2
cent?"	1
said,......	1
people......."	1
"Yes."	1
"A	3
'high-collared	1
guy'	1
enough."	1
say?"	1
"Better	1
say,--'a	1
guy;	1
swindler,	2
bastard,	2
super-swanker,	1
doubleface,	1
bluffer,	1
totempole,	1
spotter,	1
dog	1
yelps.'"	1
fast.	1
eloquent.	1
speech."	1
chew	1
rag.	1
smoothly."	1
so?	2
a-running.	1
Repeat	1
"As	1
like.	1
Listen,--a	1
super-swanker	1
..."	1
shaky	1
hammering	1
gents,	1
Won't	1
drink.	2
Bastard?	1
Bastardly	1
on."	1
pulled	2
lavatory,	1
booze	2
bubbles,	1
proceed	1
destination,	1
pulling	2
hard.	1
fighters	1
attracted	1
we've	2
bastards.	1
Make	1
Get	1
loaded.	1
gents	1
attempted	3
escape	2
wall.	1
Surveying	1
scene,	1
foraging	1
expedition.	1
there,--I	1
preceded	1
coquetish	1
voice,	3
geishas	6
quietly.	1
instant,	1
leaning	1
pride,	1
advancing	1
youngest	1
prettiest	1
"Good	1
evening."	1
brushed	1
principal.	3
buzz	1
noisy	2
howls	1
welcome.	1
"nanko"	1
sword-drawing	1
practice.	1
morra,	1
hands,	2
absorbed	1
game,	1
spectacle	1
puppet	1
show.	1
bottle,	1
corrected	1
sake."	1
infernally	1
scarcely	1
Amid	1
orgy,	1
bowed.	1
bid	1
farewell,	1
John	1
Barleycorn.	1
suffer	3
only.	1
ditties	1
voices.	1
samisen,	1
sing	3
hear,	2
droned	1
out:	2
wants,	1
banging	2
gongs	2
drums	2
bing,	1
shouting	3
wandering	1
Santaro,	1
b-i-n-g."	1
breaths,	1
sighed,	1
dear!"	1
sung	1
easier.	1
meanwhile,	1
"Hello,	2
Su-chan,	2
beau	1
soon."	1
pouted,	1
know."	1
regardless,	1
imitating	1
"gidayu"	1
dismal	1
voice,--"What	1
luck,	1
chance...."	1
lap	1
out,"	1
gleefully	1
goo-goo	2
eyes[J]	1
simpleton,	1
slap	1
geisha,	1
string.	1
dance	13
Kiino-kuni."	1
dance.	2
Confucius,	1
twisting	1
toothless	1
mouth,	2
Dembei-san"	1
couch	1
Old	1
memorizing	1
system.	1
history:	1
"Here's	1
latest.	1
listen.	1
'Margaret,	1
ribbon;	1
bike,	1
violin,	1
broken	1
English,--I	1
you.'"	1
Natural	1
impressed,	4
says;	1
piece.	1
too."	1
"geisha,	1
geisha,"	1
commanded;	1
"Bang	1
samisen;	1
sword-dance."	1
answer.	2
unconcerned,	1
performing	1
sword-dance	2
danced	1
Kii-no-kuni,	1
Kap-pore[K]	1
Durhma-san	1
Shelf,	1
stark-naked,	1
palm-fibre	1
broom,	2
turkey-trotting	1
Sino-Japanese	4
negotiations	2
break......."	1
sight.	3
feeling	1
patiently	1
naked	1
home."	1
improper	1
guests.	1
remain.	1
care!"	2
fellows;	1
inmates	1
lunatic	1
asylum.	1
hesitating	1
brandishing	2
us,"	1
hollered,	1
negotiations.	1
Can't	1
off."	1
enforced	1
impatient.	1
negotiation,	1
Chink,"	1
whacked	2
fist.	2
speechless	1
stammered	1
some!	1
Mighty	1
Yoshikawa!	1
stuff."	1
incoherent	1
row	2
started,	2
neck	1
Sino-Japane......ouch!......ouch!	1
outrageous,"	1
writhed	1
grip	1
sideways	2
eleven	1
X.	1
celebrate	1
victory	1
celebration	3
ceremony.	1
instructors,	2
streets	3
draped	1
flags	1
arranged,	1
divide	1
sections	1
arrangement	1
commendable,	1
operation	1
kiddies	2
break	3
provision	2
practically	2
useless.	1
songs	1
to,	6
songs,	1
shouts	1
cause.	2
Their	2
tramps	1
parading	1
shout,	1
tee-hee	1
giggle.	1
disorder,	1
chatter	1
turned.	1
degraded	2
bunch!	1
closed.	1
Wright.	1
apology	1
prompted	1
repentance	1
kowtowed	1
Like	1
tradespeople	1
public,	1
Society	1
probable,	1
foolishly	1
apologies	2
forgiving	1
sham;	1
begs	1
sections,	1
constantly	2
voices	2
mentioning	1
"dango."	1
collaring	1
guilty	1
nervousness	1
inferences."	1
fostered	1
feudal	1
lords,	1
deep-rooted.	1
cure	1
compelled	1
example,	1
knows,--clean	1
been.	1
remaining	2
ready-made.	1
I--students	1
figure.	1
even,	1
resort	2
boomerang.	1
defence,	1
sidestepping.	1
defended	1
martyrs,	1
attacking	1
attempting	1
defence	2
quarrel,	1
mistaken,	1
insolent,	1
speaking	1
seriously,	1
permitted	3
morale.	1
obliged	1
adopt	1
identical	1
policy	1
subjected	1
pin-pricking[L]	1
tricks,	1
risk	1
remnant	1
advisability	1
quickly	1
countrytown	1
Newspaper	1
delivering	1
sinking	1
procession	1
noisy,	1
ranks,	1
noise.	1
Otemachi,	1
Yakushimachi,	1
mass	2
packed	1
canned	1
sardines,	1
alternately	2
forth.	1
hoarsely	1
normal	8
clash	2
corner.	1
normal,	1
dogs	1
monkeys.	1
hopelessly	1
crossed,	1
chip	1
shoulder	2
occasions.	1
monotonous	1
fighting,	2
clash,	1
darted	2
forward	2
jeering,	1
"Get	1
tax!"[12]	1
hollowing	1
"Push	1
out!"	1
nearing	1
"Forward!"	1
contending	1
normal.	1
school-standing	1
rank	1
middle.	1
12:	1
maintains	1
advance-expense	1
supported	1
tax.]	1
ceremony	1
simple.	1
commander	1
brigade	1
congratulatory	1
address,	1
governor,	1
audience	1
banzais.	1
entertainments	1
scheduled	1
request	1
detailed	2
news;	1
letter-paper,	3
begin,	1
Should	1
smoothly,	1
reflected,	1
taxing	1
item	1
grated	2
ink-cake,	1
wetted	2
brush,	2
letter-paper--stared	1
ink-cake--and,	1
lid	1
stationery	1
box.	1
bother.	1
simpler	1
unconcerned	1
weeks.	3
brush	1
pillow,	1
garden.	2
sincerity	1
responsive	1
appreciation	1
response,	1
sufficient.	1
plants	1
orange	2
tall	1
outside.	2
oranges	2
green	2
ripen	1
yellow,	1
ripened.	1
juicy,	1
oranges.	1
yourself	1
want,"	2
few	2
centered	1
oranges,	1
Porcupine[M]	1
celebration[N]	1
victory,	1
beef."	1
bamboo-wrapper,	1
denied	1
tofu,	1
welcomed	1
suggestion	1
fine,"	1
cooking	1
frying	1
pan	1
sugar	1
lady.	2
munching	1
beef	1
capacity	1
geisha.	2
recently;	1
sharp."	1
speaks	1
refinement	1
consolation,	2
chasing	1
rogue.	1
themselves.	1
unbecoming	2
he?"	1
"According	1
idea,	1
pleasure,	2
guess.	1
board?	1
jacknape	1
skipping	1
night,--I	1
deceive	1
deny	1
half-brother	1
poetry,	1
twaddling	1
soft	1
nonsense.	1
court-maid	1
Perhaps	1
daddy	1
kagema	1
Yushima	1
days."	1
kagema?"	1
unmanly,--sort	1
emasculated	1
chaps.	1
tape	1
worm."	1
"So?	1
Kadoya	2
keeps	1
dark."	1
"Kadoya?	1
hotel?"	1
"Also	1
restaurant.	1
face."	1
"Catch	1
Masuya	2
Kadoya.	3
We'll	2
rent	2
loophole	1
shoji."	1
him?"	1
may.	1
weeks."	1
afterward."	1
some.	2
unpunished	1
Japan,	1
chastisement	3
behalf	1
heaven."	1
"Hooray!	2
game.	2
rented	2
yet,	1
when?"	1
"Right-O.	1
scheming,	1
IT	1
fighting."	1
discussing	1
subjugating	1
door,	1
announcing	1
entertainment	1
celebration.	1
dancers	2
Kochi	1
dance,	2
annual	2
Hachiman	1
Shrine,	1
moving	3
stages	1
district,	1
Shiokukmi	1
variety.	1
inclined	3
Tosa	1
insistent,	1
choice	1
messenger!	1
decorated,	1
amphitheater	1
Ryogoku	1
season,	1
festivity	1
Hommonji	1
temple,	1
banners	1
planted	1
ropes	1
crossed	1
recrossed	1
mid-air	1
nations,	1
nations	1
cheerful	2
aspect.	1
eastern	1
temporary	1
stage	2
Koehi	1
performed.	1
block,	1
display	2
plant	1
settings	1
arranged	2
shelves	1
sheltered	1
reed	1
screens.	1
seemingly	1
failed	1
impress	1
grasses	1
bamboos	1
afforded	1
hunchback	1
direction,	1
aerial	1
bombs	1
balloon	1
"Long	2
Live	2
Empire!"	1
castle	1
tower,	1
compound	1
barracks.	1
Bang!	1
serene	1
sky;	1
streams	1
luminous	1
smoke	1
umbrella-shape,	1
faded.	1
balloon.	1
Army	1
Navy"	1
village.	1
Kwanon	1
surging	1
crowd,	1
numerical	1
formidable	1
meantime	1
begun.	1
Fujita	1
troupe,	1
Thirty	1
martial	1
each,	2
glittering	2
swords.	1
eye-opener,	1
apart	2
sword,	1
chest.	2
drawled	1
signals	1
easy-life,	1
croaking	1
song,	1
drum.	1
tune	3
unfamiliar.	1
combination	1
Mikawa	1
Banzai	1
Fudarakuya.	1
drowsy,	1
syrup	1
slovenly.	1
stops	1
intervals.	1
rhythmical	1
order,	1
tail.	1
response	1
tune,	2
swords	3
flash,	1
dexterity	1
speed	1
spectator	2
shudder.	1
blades,	1
flashing	1
bloody	1
accurate	1
movements.	1
slashed	1
second's	1
difference	1
movement,	1
late,	1
sloughing	1
slicing	1
perfect	1
freedom,	1
sphere	1
limited	3
cap	1
left,	1
Shiokumi	1
Sekinoto	1
requires	1
unison	1
Particularly	2
movement	1
bending	1
knees	2
spectators	1
fellow's	1
easiest.	1
sang	1
lazy	1
heaviest	1
responsibility.	1
interest,	1
hue	1
cry	1
block	3
commotion	1
quietly	1
sights	1
pell-mell	1
"fight!"	1
crowd.	3
"Please,	2
panted,	1
"a	1
again!	1
middles	3
normals	2
fighting.	1
quick,	1
Sir!"	1
troublesome	1
brats!	1
it!"	3
spoke,	2
dodging	2
meant,	1
idle	1
tail,	1
fiercest.	1
normals,	1
numbered	1
ninety.	1
uniform,	1
discarded	1
uniform	2
civilian	1
distinction	1
hostile	2
camps	1
mixed	2
wrangling	1
violence,	1
separate	4
wild	1
awhile,	1
hell	1
cops	1
them."	1
scuffle	1
violent.	1
"Stop	3
Cut	1
out!	1
ruining	1
school!	1
Stop	2
Shouting	1
penetrate	1
sides,	1
turmoil,	1
retreat.	2
grappling	1
ago.	1
sideways.	1
shoes.	1
sandwiched	1
forth,	1
shouting,	1
fight!	1
anything!"	1
hollered	1
pebble-stone	1
whiffled	1
cheek	3
bone;	1
"Profs	1
mixing	1
in!"	1
"Knock	1
down!"	1
shouted.	1
Throw	1
them!"	1
Another	3
shout.	1
"Drat	1
jackanapes!"	1
cried	3
nearby.	1
grazed	1
teapot	1
tempest.	1
wasn't[O]	1
Hottentot	1
skulk	1
pebble-stones.	1
anyway!	1
fighting	1
fights	1
slugged,	1
jabbed	1
stuffing	1
cried,	3
"Cops!	1
Cops!	1
Cheese	1
it!	2
Beat	1
moment,	1
wading	1
molasses,	1
released	1
scampered	1
simultaneously.	1
creditable	2
retreating,	1
masterly	1
Kuropatkin,	1
searched	1
overgown	1
torn	1
shreds,	1
bled	2
considerably,	1
massed	1
dirt,	1
damage	2
directions,	1
did,	1
stating	1
XI.	1
awakening	1
due,	1
fame	1
regards	1
Shimbun.	1
effort	2
paper.	2
upset	1
affair,--so	1
page,	1
surprised.	1
print.	1
published,	1
Middle	2
saucy	3
Somebody,	1
recently	2
institution,	1
inciting	1
directing	1
Normal	1
added.	1
prefecture	1
long-cherished	1
sullied	1
persons,	1
city	1
consequent	1
indignity,	1
perpetrators	1
account.	1
trust	1
authorities	1
'toughs'	1
properly	1
punished,	1
barring	1
forever	1
educational	2
circles."	1
types	2
italicized,	1
typographical	1
shouted,	1
joints	1
tolerable.	1
newspaper	4
cesspool	1
Newspapers	1
adept,	1
believe,	1
circulating	1
"one	1
Somebody	2
Somebody?	1
forget,	1
of.	1
family-record,	1
Tada	1
smarting.	1
mirror,	2
"and	1
cesspool;	1
it,"--and	1
look.	1
bruises	1
cheek.	1
Mine	2
bruised,	1
nobody.	1
reflection	1
write-up	1
grin	1
about!	1
own,	1
gotten	1
heroic	1
Wounds	1
sarcastic	1
suppose,	1
revenge	1
nonsense;	1
suck	1
brushes!"	1
pained	1
much?	1
"Pain	1
pain,	1
business,"	1
snapped	1
temper.	1
eye	2
purple,--it	1
tempting	1
surgeon's	1
knife.	1
(is	1
conceit	1
comparison?)	1
mine.	1
chums	1
moreover,	1
ill-luck	1
divert	1
regularity.	1
"too	1
bad,"	1
minds	3
"ha,	1
fools!"	1
grinning	1
entered;	1
banzaied.	1
approval	1
insult.	1
cynosures	1
usual.	1
friend;	1
semi-apologetic	1
"I've	2
retract	1
report,	1
needn't	1
plunged	1
Hotta,	2
level	1
matter;	1
that."	1
recess	1
serious."	1
anxiety,	1
relieve	1
tender	6
resignation	4
fired,--that's	1
advantage.	1
retracted,	1
faithful	1
version	2
incident.	1
bore	1
grudge	1
published	2
visits	1
defending	1
fault.	1
infamous	1
smelt	1
suspicious,	1
smelling	1
anyway,--it	1
yesterday,--"Aren't	1
yet?"	1
Grobian	1
endowed,	1
mix	1
contrived	1
publish	1
devil!"	1
"Even	1
band	1
wagon	1
surprises	1
easily?"	1
"Wouldn't	1
though.	1
Darn	2
paper."[P]	1
"Has	1
any?"	1
"Suppose	1
hasn't,	1
lies	1
revelation,	1
discharged	1
affair."	1
"Quite	1
discharged."	1
staying	1
wretched	1
hole."	1
"Your	1
squeal."	1
squeal?"	1
wily	1
plots	1
behind,	1
track."	1
Damn	1
god	1
witness	1
right!"	1
turns	1
town."	1
"Leaving	1
case?"	1
weapon."	1
bidding."	1
instrumental	1
outranks	1
brainy	1
force.	1
individuals,	1
superiority	1
impatiently	1
eagerness,	1
correction	2
retraction	2
found.	1
pressed	1
"tomorrow"	1
printed	4
types.	1
circumstance.	1
badger	1
swaggering,	1
surprisingly,	1
power	1
newspaper,	1
indignant	1
editor-in-chief	1
subject,	1
blowup	1
editor,"	1
sermon	1
Buddhist	1
bonze	2
"We	1
contented	1
despatching	1
forgetting	1
newspapers	1
suspended,--the	1
sensation	1
written-up	1
bitten-down	1
turtle	1
explanation	3
afterward,	2
proposes	1
execute	1
jerked	2
resignation.	2
No,	3
had.	1
circumstance	1
resign.	1
pounding	1
belly-drum	1
stomach	1
upside	1
down,"	1
"you	1
celebration,	1
sword	1
resignation,	3
impartial	1
dull-head.	1
irritating!"	1
wire-pulling	1
Shirt,"	1
harmless."	1
Consider	1
harmless,	1
gay	1
way."	1
"Worse	1
still.	1
arrived.	1
Furthermore,	1
blank	1
schedule	1
straightway	1
firing;	1
resignation?"	1
"Eh?"	1
blankly.	1
school......"	1
dare	1
necessity	1
either."	1
that......as	1
goes......	1
......we	1
resigning."	1
jabbers	1
complacent.	1
say:	1
peacefully	1
"None	1
can't."	1
selfish.	1
resigned	1
also."	1
record.	1
Obligation	1
record."	1
consideration.	1
resigning,	1
discourage	1
reddened	1
paled	1
bunched	1
strong.	1
causing	1
embarrassment	1
comes.	1
smarter	1
advices	1
give.	1
tendered	1
bidden	1
Minato-ya	3
stealthily	1
Masuya,	1
hole	1
fingered	1
shoji.	2
evening,	2
nine.	2
nights,	1
11	1
o'clock,	1
seen.	1
thirty,	1
midnight	1
fruitless	1
prowling,--being	1
prowling	1
prowling.	1
administering	1
chastisement.	1
encouragement	1
week,	1
tiresome.	1
tempered,	1
zeal	1
aroused,	1
endurance.	1
loyal	1
member	1
heavenly-chastisement	1
league	1
monotony.	1
sixth	1
seventh	1
quit.	1
twelve,	1
glue	1
shoji	4
watching	2
gas	3
globe	1
figures	1
stop-overs	1
fold	1
arms,	1
audibly	1
sighing,	1
to."	1
deprived	1
handing	1
7	1
eighth	1
eggs.	1
counteract	1
attack	2
pockets,	1
shoulder,	1
coat,	1
Masuya.	1
greeted	1
Idaten-like	1
radiant,	1
hope!	1
There's	1
hope!"	1
downcast,	1
gloomy.	1
cheerful,	1
Hooray!"	1
"About	2
evening,"	1
Kosuzu	1
Kadoya."	1
Shirt?"	1
"No."	1
then."	1
geishas......seems	1
hopeful."	1
"How?"	1
sly	1
fox	2
ahead[Q],	1
sneak	1
later."	1
nine,"	1
he,	1
nickel	1
"and,	1
silhouettes	1
suspect."	1
blew	1
lacquer-enameled	1
table.	1
dimly	1
shoji,	1
breathless.	1
rang	1
think?	1
quit."	1
lasts."	1
"Money?	1
anytime."	1
arranged.	1
suppose."	1
daytime."	1
nap,	1
"Heavenly	1
sure,"	1
thankless	1
task."	1
to-night...--...	1
Look,	1
look!"	1
alert	1
hat	1
darkness.	1
Disappointing,	1
merrily	1
tinkled	1
bum	1
ears	1
distinctively.	1
risen	1
hills	1
below.	4
poke	1
owners	1
voices,	1
nearer.	1
dragging	1
komageta	1
(a	1
footwear)	1
"Everything	1
We've	1
stumbling	1
block."	1
undoubtedly	1
bullying	1
tact."	1
he?	1
winsome,	1
sporty	2
Darling."	3
resignation,--I'm	1
nerves."	1
stars	1
restrained	1
"Say."	1
"Well."	1
last."	1
now."	1
"Damned	1
stumbling[R]	1
Hell!"	1
waylay	1
return.	1
office,	1
notifying	1
probability	1
midnight,	1
unfastened	1
anytime.	1
request.	1
cases,	1
burglars.	1
sleep,	1
feverish	1
agitation.	1
fretful,	1
rejected	1
outright.	1
preceding	2
Supposing	1
tiresome	1
emerging	1
Kadoya,	1
Beyond	1
road	2
fields,	1
cedar	3
Farther	1
thatch-roofed	1
farm	1
dyke	1
cautiously.	1
limit,	1
double-quick	1
Wondering	1
shoulders.	1
"Wait!"	1
rattled,	1
escape,	1
Kadoya!"	1
gun.	1
rule	1
Kadoya?"	1
forbid	1
geisha!"	1
opportunity;	1
tough!"	1
roared.	1
excuse.	1
pockets	2
ran,	1
thrust	1
crushed,	1
tip	1
streamed	2
completely	1
hideous	1
mercy.	1
eat,	1
"Irish	1
Confetti"	1
Thoroughly	1
roused,	1
passion,	1
doing.	1
grenade	1
successful,	1
intermingled	1
"Darn	1
sonovagun!"	1
yellow.	1
bombarding	1
eggs,	1
firing	1
Red[S]	1
geisha?"	1
chicken	1
anybody.	1
business."	1
up!"	1
tottered.	1
outrageous!	1
"Outrageous	1
clout.	1
wallopping	1
scheming	1
guys."	1
shower	1
blows.	1
Kingdom-Come.	1
crawled	1
crouched	1
inability	1
see,	1
hazy,	1
"Want	2
more!"	1
"Enough,	1
course."	1
heaven	1
grovelling	1
wretches.	1
hereafter.	1
justice."	1
cowed	1
neither,	1
hide.	1
evening.	2
Bring	1
hide	1
please,"	1
astonished	1
Madam,	1
bill.	1
asleep	1
upstairs.	1
how,	1
scribbled	1
"because	1
Yours	1
truly,"	1
mailed	1
harbor	1
logs,	1
awoke	1
police,	1
vessel	1
steamed	1
shore,	1
refreshed	1
felt.	1
Kobe	1
Shimbashi,	1
breathed	1
congenial	1
human	1
society.	1
swinging	1
valise,	1
back!"	1
soon!"	1
tears	1
cheeks.	1
overjoyed,	1
assistant	1
engineer	1
tram	1
car	1
25	1
six.	1
pneumonia	1
February	1
bedside,	1
bury	1
Darling.	1
Kobinata.	1
--(THE	1
END)--	1
[A:	1
Insitent]	1
[B:	1
queershaped]	1
[C:	1
Unicode	1
U+5927,	1
sans	1
description]	1
[D:	1
aweinspiring]	1
[E:	1
about]	1
[F:	1
atomosphere]	1
[G:	1
Helloo]	1
[H:	1
go]	1
[I:	1
eyes]	1
[J:	1
hyphenation	1
unknown]	1
[K:	1
pin-princking]	1
[L:	1
Procupine]	1
[M:	1
celabration]	1
[N:	1
wans't]	1
[O:	1
paper.]	1
[P:	1
shead]	1
[Q:	1
stumblieg]	1
[R:	1
Rad]	1
End	1
END	1
*****	2
file	2
8868.txt	1
8868.zip	1
files	2
formats	2
in:	1
http://www.gutenberg.org/8/8/6/8868/	1
Updated	1
editions	3
replace	1
one--the	1
renamed.	1
Creating	1
domain	7
owns	2
United	10
States	4
copyright	12
works,	5
Foundation	14
(and	1
you!)	1
distribute	5
permission	6
royalties.	1
Special	1
rules,	1
forth	8
Terms	2
Use	2
license,	2
apply	1
copying	2
distributing	6
Gutenberg-tm	53
electronic	27
protect	2
GUTENBERG-tm	1
concept	2
trademark.	3
registered	2
trademark,	3
eBooks,	2
specific	1
permission.	1
copies	7
eBook,	1
complying	3
rules	1
creation	1
derivative	3
reports,	1
research.	1
modified	1
away--you	1
ANYTHING	1
eBooks.	2
Redistribution	1
trademark	3
especially	1
commercial	1
redistribution.	1
START:	1
FULL	2
LICENSE	2
PLEASE	1
READ	1
BEFORE	1
YOU	6
DISTRIBUTE	1
OR	6
USE	1
WORK	1
mission	3
promoting	2
distribution	6
(or	3
phrase	4
"Project	5
Gutenberg"),	1
comply	6
Full	1
available	2
www.gutenberg.org/license.	1
Section	7
1.	1
Redistributing	1
1.A.	1
indicate	1
license	1
intellectual	2
property	2
(trademark/copyright)	1
abide	1
agreement,	6
cease	1
destroy	2
possession.	1
fee	8
obtaining	2
access	10
obtain	3
refund	6
entity	3
paragraph	10
1.E.8.	2
1.B.	1
Gutenberg"	4
1.C	1
preserve	1
works.	5
1.E	1
1.C.	1
Literary	13
Archive	13
("the	1
Foundation"	1
PGLAF),	1
compilation	1
collection	3
Nearly	1
individual	4
States.	4
located	4
States,	2
prevent	1
copying,	2
distributing,	1
performing,	3
displaying	2
creating	3
references	2
removed.	1
support	3
freely	4
sharing	1
compliance	3
format	4
share	1
1.D.	1
laws	7
govern	1
Copyright	1
countries	1
change.	1
check	2
downloading,	1
displaying,	2
representations	1
concerning	2
status	4
1.E.	1
removed	1
Gutenberg:	1
1.E.1.	2
active	2
links	3
immediate	2
prominently	2
(any	1
appears,	1
associated)	1
accessed,	1
displayed,	1
performed,	1
viewed,	1
copied	2
distributed:	1
1.E.2.	1
derived	1
(does	1
contain	2
indicating	1
holder),	1
distributed	3
fees	2
charges.	1
redistributing	1
providing	4
requirements	2
paragraphs	3
1.E.1	3
1.E.7	2
1.E.8	2
1.E.9.	3
1.E.3.	1
holder,	1
additional	3
imposed	1
holder.	1
Additional	1
linked	1
holder	1
beginning	1
1.E.4.	1
unlink	1
remove	1
containing	1
Gutenberg-tm.	1
1.E.5.	1
display,	1
perform,	1
redistribute	1
sentence	1
License.	2
1.E.6.	1
convert	1
binary,	1
compressed,	1
nonproprietary	1
proprietary	1
form,	1
including	7
processing	1
hypertext	1
form.	2
provide	6
"Plain	2
Vanilla	2
ASCII"	2
web	2
site	4
(www.gutenberg.org),	1
must,	1
cost,	1
expense	1
user,	1
exporting	1
request,	1
alternate	1
include	1
1.E.7.	1
viewing,	1
-	7
royalty	1
20%	1
gross	1
profits	1
calculated	1
calculate	1
applicable	3
taxes.	1
owed	1
donate	1
royalties	1
Foundation.	1
Royalty	2
payments	3
60	1
prepare	1
legally	1
prepare)	1
periodic	1
tax	6
returns.	1
clearly	1
4,	1
"Information	1
donations	11
Foundation."	1
user	2
notifies	1
e-mail)	1
s/he	1
medium	3
discontinue	1
provide,	1
accordance	2
1.F.3,	3
replacement	3
defect	2
discovered	1
reported	1
Michael	2
Hart,	1
Contact	1
3	2
1.F.	1
1.F.1.	1
volunteers	5
employees	2
expend	1
identify,	1
research	1
transcribe	1
proofread	1
collection.	1
Despite	1
efforts,	1
stored,	1
"Defects,"	1
as,	1
incomplete,	1
inaccurate	1
corrupt	1
data,	1
transcription	1
errors,	1
infringement,	1
defective	2
damaged	1
disk	1
medium,	2
computer	2
virus,	1
codes	1
equipment.	2
1.F.2.	1
LIMITED	3
WARRANTY,	1
DISCLAIMER	1
DAMAGES	2
"Right	1
Replacement	1
Refund"	1
Foundation,	4
disclaim	1
liability	1
damages,	1
costs	2
legal	2
fees.	1
AGREE	2
THAT	2
HAVE	1
NO	2
REMEDIES	1
FOR	3
NEGLIGENCE,	1
STRICT	1
LIABILITY,	1
BREACH	2
WARRANTY	1
CONTRACT	1
EXCEPT	1
THOSE	1
PROVIDED	1
IN	1
PARAGRAPH	1
1.F.3.	2
FOUNDATION,	1
TRADEMARK	1
OWNER,	1
AND	1
ANY	3
DISTRIBUTOR	1
UNDER	1
AGREEMENT	1
WILL	1
NOT	2
BE	1
LIABLE	1
TO	2
ACTUAL,	1
DIRECT,	1
INDIRECT,	1
CONSEQUENTIAL,	1
PUNITIVE	1
INCIDENTAL	1
EVEN	1
IF	1
GIVE	1
NOTICE	1
POSSIBILITY	1
SUCH	1
DAMAGE.	1
RIGHT	1
REPLACEMENT	1
REFUND	1
discover	1
receiving	1
(if	1
any)	1
from.	1
explanation.	1
elect	1
lieu	2
refund.	2
electronically,	1
choose	1
opportunity	1
electronically	1
defective,	1
opportunities	1
1.F.4.	1
'AS-IS',	1
WITH	1
OTHER	1
WARRANTIES	2
KIND,	1
EXPRESS	1
IMPLIED,	1
INCLUDING	1
BUT	1
MERCHANTABILITY	1
FITNESS	1
PURPOSE.	1
1.F.5.	1
states	4
disclaimers	1
implied	1
warranties	1
exclusion	1
limitation	3
damages.	1
disclaimer	2
violates	1
interpreted	1
maximum	1
law.	1
invalidity	1
unenforceability	1
provisions.	1
1.F.6.	1
INDEMNITY	1
indemnify	1
owner,	1
agent	1
employee	1
production,	1
harmless	1
liability,	1
fees,	1
arise	1
indirectly	1
occur:	1
(a)	1
(b)	1
alteration,	1
modification,	1
additions	1
deletions	1
(c)	1
Defect	1
2.	1
Information	4
Mission	1
synonymous	1
readable	2
widest	2
variety	1
computers	1
obsolete,	1
old,	1
middle-aged	1
computers.	1
hundreds	1
walks	1
Volunteers	1
financial	1
critical	1
Gutenberg-tm's	1
goals	1
ensuring	1
generations	1
2001,	1
created	2
secure	1
permanent	1
generations.	1
Sections	1
information	3
page	2
3.	1
non	1
profit	1
501(c)(3)	1
corporation	1
organized	1
Mississippi	1
Internal	1
Revenue	1
Service.	1
Foundation's	3
EIN	1
federal	2
identification	1
64-6221541.	1
Contributions	1
deductible	1
U.S.	3
state's	1
laws.	1
4557	1
Melan	1
Dr.	2
S.	2
Fairbanks,	1
AK,	1
99712.,	1
scattered	1
throughout	1
numerous	1
locations.	1
809	1
North	1
1500	1
West,	1
Salt	1
Lake	1
City,	1
UT	1
84116,	1
(801)	1
596-1887.	1
Email	1
www.gutenberg.org/contact	1
information:	1
Gregory	1
Newby	1
Chief	1
Executive	1
Director	1
gbnewby@pglaf.org	1
4.	1
Donations	2
depends	1
survive	1
licensed	1
machine	1
accessible	1
array	1
equipment	1
outdated	1
($1	1
$5,000)	1
maintaining	1
IRS.	1
regulating	1
charities	1
charitable	1
Compliance	1
paperwork	1
requirements.	1
solicit	2
locations	1
confirmation	1
compliance.	1
SEND	1
DONATIONS	1
determine	1
www.gutenberg.org/donate	2
contributions	1
solicitation	1
requirements,	1
prohibition	1
unsolicited	1
donors	1
offers	1
donate.	1
gratefully	1
accepted,	1
statements	1
swamp	1
staff.	1
Please	1
Web	3
current	1
donation	1
methods	1
addresses.	1
checks,	1
donations.	1
donate,	1
visit:	1
5.	1
Hart	1
originator	1
library	1
shared	1
anyone.	1
eBooks	3
loose	1
network	1
support.	1
editions,	1
confirmed	1
Public	1
Domain	1
included.	1
Thus,	1
edition.	1
PG	1
search	1
facility:	1
includes	1
Gutenberg-tm,	1
produce	1
subscribe	1
email	1
newsletter	1
